Date/Time,Session ID,Passage Name,HP,Dead?,Key_Found,Smoked?,Playtime,Duration in Room,,,
,mltyqfghcj2qhxuc8fm,Story Init Passage,5.00,ALIVE,FALSE,FALSE,,,,,
2/19/2026 13:18:38,mltyqfghcj2qhxuc8fm,Intro Passage,5.00,ALIVE,FALSE,FALSE,0:00:00,0:00:08,,,
2/19/2026 13:18:46,mltyqfghcj2qhxuc8fm,Perimeter,5.00,ALIVE,FALSE,FALSE,0:00:08,0:00:45,,,
2/19/2026 13:19:31,mltyqfghcj2qhxuc8fm,Main Hall,5.00,ALIVE,FALSE,FALSE,0:00:53,0:00:07,,,
2/19/2026 13:19:38,mltyqfghcj2qhxuc8fm,West Hall,5.00,ALIVE,FALSE,FALSE,0:01:00,0:00:04,,,
2/19/2026 13:19:42,mltyqfghcj2qhxuc8fm,Main Hall,5.00,ALIVE,FALSE,FALSE,0:01:04,0:00:09,,,
2/19/2026 13:19:51,mltyqfghcj2qhxuc8fm,East Hall,5.00,ALIVE,FALSE,FALSE,0:01:13,0:00:01,,,
2/19/2026 13:19:52,mltyqfghcj2qhxuc8fm,Storage Room,5.00,ALIVE,FALSE,FALSE,0:01:14,0:00:15,,,
2/19/2026 13:20:08,mltyqfghcj2qhxuc8fm,Papers,5.00,ALIVE,FALSE,FALSE,0:01:29,0:00:02,,,
2/19/2026 13:20:10,mltyqfghcj2qhxuc8fm,Storage Room,5.00,ALIVE,FALSE,FALSE,0:01:32,0:00:21,,,
2/19/2026 13:20:31,mltyqfghcj2qhxuc8fm,Cabinet,5.00,ALIVE,FALSE,FALSE,0:01:52,0:00:02,,,
2/19/2026 13:20:32,mltyqfghcj2qhxuc8fm,Storage Room,5.00,ALIVE,FALSE,FALSE,0:01:54,0:00:01,,,
2/19/2026 13:20:33,mltyqfghcj2qhxuc8fm,East Hall,5.00,ALIVE,FALSE,FALSE,0:01:55,0:00:02,,,
2/19/2026 13:20:35,mltyqfghcj2qhxuc8fm,Office,5.00,ALIVE,FALSE,FALSE,0:01:57,0:00:09,,,
2/19/2026 13:20:44,mltyqfghcj2qhxuc8fm,Fireplace,3.00,ALIVE,FALSE,FALSE,0:02:06,0:00:01,,,
2/19/2026 13:20:46,mltyqfghcj2qhxuc8fm,Office,3.00,ALIVE,FALSE,FALSE,0:02:07,0:00:03,,,
2/19/2026 13:20:48,mltyqfghcj2qhxuc8fm,Office desk,3.00,ALIVE,FALSE,FALSE,0:02:10,0:00:03,,,
2/19/2026 13:20:51,mltyqfghcj2qhxuc8fm,Office,3.00,ALIVE,FALSE,FALSE,0:02:13,0:00:07,,,
2/19/2026 13:20:59,mltyqfghcj2qhxuc8fm,Office,3.00,ALIVE,FALSE,FALSE,0:02:20,0:00:01,,,
2/19/2026 13:20:59,mltyqfghcj2qhxuc8fm,Bookshelf,3.00,ALIVE,FALSE,FALSE,0:02:21,0:00:11,,,
2/19/2026 13:21:11,mltyqfghcj2qhxuc8fm,Office desk,3.00,ALIVE,FALSE,FALSE,0:02:32,0:00:02,,,
2/19/2026 13:21:13,mltyqfghcj2qhxuc8fm,Office,3.00,ALIVE,FALSE,FALSE,0:02:35,0:00:05,,,
2/19/2026 13:21:18,mltyqfghcj2qhxuc8fm,East Hall,3.00,ALIVE,FALSE,FALSE,0:02:39,0:00:01,,,
2/19/2026 13:21:19,mltyqfghcj2qhxuc8fm,Storage Room,3.00,ALIVE,FALSE,FALSE,0:02:41,0:00:01,,,
2/19/2026 13:21:20,mltyqfghcj2qhxuc8fm,Cabinet,3.00,ALIVE,FALSE,FALSE,0:02:42,0:00:02,,,
2/19/2026 13:21:22,mltyqfghcj2qhxuc8fm,Storage Room,3.00,ALIVE,FALSE,FALSE,0:02:44,0:00:04,,,
2/19/2026 13:21:25,mltyqfghcj2qhxuc8fm,East Hall,3.00,ALIVE,FALSE,FALSE,0:02:47,0:00:01,,,
2/19/2026 13:21:27,mltyqfghcj2qhxuc8fm,Main Hall,3.00,ALIVE,FALSE,FALSE,0:02:48,0:00:03,,,
2/19/2026 13:21:30,mltyqfghcj2qhxuc8fm,Upstairs Hall,3.00,ALIVE,FALSE,FALSE,0:02:51,0:00:02,,,
2/19/2026 13:21:32,mltyqfghcj2qhxuc8fm,Bathroom,3.00,ALIVE,FALSE,FALSE,0:02:53,0:00:08,,,
2/19/2026 13:21:39,mltyqfghcj2qhxuc8fm,Bathroom,1.00,ALIVE,FALSE,FALSE,0:03:01,0:00:00,,,
2/19/2026 13:21:39,mltyqfghcj2qhxuc8fm,Mirror,1.00,ALIVE,FALSE,FALSE,0:03:01,0:00:07,,,
2/19/2026 13:21:47,mltyqfghcj2qhxuc8fm,Shower,-1.00,DEAD,FALSE,FALSE,0:03:08,0:00:06,,,
2/19/2026 13:21:53,mltyqfghcj2qhxuc8fm,Death,-1.00,DEAD,FALSE,FALSE,0:03:15,-1105741:21:53,,,
2/19/2026 13:24:26,mltyy5ke0opw19fstxs,Story Init Passage,5.00,ALIVE,FALSE,FALSE,0:00:00,0:00:30,,,
2/19/2026 13:24:56,mltyyub7t355z9wus09,Story Init Passage,5.00,ALIVE,FALSE,FALSE,0:00:00,0:00:12,,,
2/19/2026 13:24:56,mltyy5ke0opw19fstxs,Intro Passage,5.00,ALIVE,FALSE,FALSE,0:00:30,0:00:05,,,
2/19/2026 13:25:00,mltyy5ke0opw19fstxs,Perimeter,5.00,ALIVE,FALSE,FALSE,0:00:34,0:00:08,,,
2/19/2026 13:25:08,mltyyub7t355z9wus09,Intro Passage,5.00,ALIVE,FALSE,FALSE,0:00:12,0:00:19,,,
2/19/2026 13:25:08,mltyy5ke0opw19fstxs,Rabid Dog Attack,5.00,ALIVE,FALSE,FALSE,0:00:42,0:00:09,,,
2/19/2026 13:25:11,mltyz6ud2tn0f7fpn0i,Story Init Passage,5.00,ALIVE,FALSE,FALSE,0:00:00,0:00:12,,,
2/19/2026 13:25:18,mltyy5ke0opw19fstxs,Main Hall,5.00,ALIVE,FALSE,FALSE,0:00:52,0:00:11,,,
2/19/2026 13:25:23,mltyz6ud2tn0f7fpn0i,Intro Passage,5.00,ALIVE,FALSE,FALSE,0:00:12,0:00:02,,,
2/19/2026 13:25:25,mltyz6ud2tn0f7fpn0i,Main Hall,5.00,ALIVE,FALSE,FALSE,0:00:14,0:00:02,,,
2/19/2026 13:25:27,mltyyub7t355z9wus09,Perimeter,5.00,ALIVE,FALSE,FALSE,0:00:31,0:00:08,,,
2/19/2026 13:25:27,mltyz6ud2tn0f7fpn0i,East Hall,5.00,ALIVE,FALSE,FALSE,0:00:16,0:00:02,,,
2/19/2026 13:25:29,mltyy5ke0opw19fstxs,East Hall,5.00,ALIVE,FALSE,FALSE,0:01:03,0:00:04,,,
2/19/2026 13:25:30,mltyz6ud2tn0f7fpn0i,Storage Room,5.00,ALIVE,FALSE,FALSE,0:00:19,0:00:00,,,
2/19/2026 13:25:30,mltyz6ud2tn0f7fpn0i,Cabinet,5.00,ALIVE,FALSE,FALSE,0:00:19,0:00:01,,,
2/19/2026 13:25:32,mltyz6ud2tn0f7fpn0i,Storage Room,5.00,ALIVE,FALSE,FALSE,0:00:21,0:00:37,,,
2/19/2026 13:25:33,mltyy5ke0opw19fstxs,Storage Room,5.00,ALIVE,FALSE,FALSE,0:01:07,0:00:03,,,
2/19/2026 13:25:35,mltyyub7t355z9wus09,Rabid Dog Attack,5.00,ALIVE,FALSE,FALSE,0:00:39,0:00:14,,,
2/19/2026 13:25:36,mltyy5ke0opw19fstxs,Cabinet,5.00,ALIVE,FALSE,FALSE,0:01:10,0:00:02,,,
2/19/2026 13:25:38,mltyy5ke0opw19fstxs,Storage Room,5.00,ALIVE,FALSE,FALSE,0:01:12,0:00:02,,,
2/19/2026 13:25:39,mltyy5ke0opw19fstxs,Storage Room,5.00,ALIVE,FALSE,FALSE,0:01:13,0:00:00,,,
2/19/2026 13:25:40,mltyy5ke0opw19fstxs,Cabinet,5.00,ALIVE,FALSE,FALSE,0:01:14,0:00:16,,,
2/19/2026 13:25:49,mltyyub7t355z9wus09,Main Hall,5.00,ALIVE,FALSE,FALSE,0:00:54,0:00:09,,,
2/19/2026 13:25:55,mltyy5ke0opw19fstxs,Papers,5.00,ALIVE,FALSE,FALSE,0:01:29,0:00:01,,,
2/19/2026 13:25:57,mltyy5ke0opw19fstxs,Storage Room,5.00,ALIVE,FALSE,FALSE,0:01:31,0:00:03,,,
2/19/2026 13:25:58,mltyyub7t355z9wus09,East Hall,5.00,ALIVE,FALSE,FALSE,0:01:03,0:00:24,,,
2/19/2026 13:25:59,mltyy5ke0opw19fstxs,East Hall,5.00,ALIVE,FALSE,FALSE,0:01:33,0:00:02,,,
2/19/2026 13:26:01,mltyy5ke0opw19fstxs,Office,5.00,ALIVE,FALSE,FALSE,0:01:35,0:00:03,,,
2/19/2026 13:26:04,mltyy5ke0opw19fstxs,Office desk,5.00,ALIVE,FALSE,FALSE,0:01:38,0:00:03,,,
2/19/2026 13:26:07,mltyy5ke0opw19fstxs,Office,5.00,ALIVE,FALSE,FALSE,0:01:42,0:00:14,,,
2/19/2026 13:26:09,mltyz6ud2tn0f7fpn0i,Papers,5.00,ALIVE,FALSE,FALSE,0:00:58,0:00:02,,,
2/19/2026 13:26:11,mltyz6ud2tn0f7fpn0i,Storage Room,5.00,ALIVE,FALSE,FALSE,0:01:00,0:00:01,,,
2/19/2026 13:26:12,mltyz6ud2tn0f7fpn0i,Cabinet,5.00,ALIVE,FALSE,FALSE,0:01:01,0:00:01,,,
2/19/2026 13:26:13,mltyz6ud2tn0f7fpn0i,Storage Room,5.00,ALIVE,FALSE,FALSE,0:01:02,0:00:02,,,
2/19/2026 13:26:15,mltyz6ud2tn0f7fpn0i,Cabinet,5.00,ALIVE,FALSE,FALSE,0:01:04,0:00:01,,,
2/19/2026 13:26:17,mltyz6ud2tn0f7fpn0i,Storage Room,5.00,ALIVE,FALSE,FALSE,0:01:06,0:00:02,,,
2/19/2026 13:26:19,mltyz6ud2tn0f7fpn0i,East Hall,5.00,ALIVE,FALSE,FALSE,0:01:08,0:00:01,,,
2/19/2026 13:26:20,mltyz6ud2tn0f7fpn0i,Office,5.00,ALIVE,FALSE,FALSE,0:01:09,0:00:05,,,
2/19/2026 13:26:22,mltyyub7t355z9wus09,Office,5.00,ALIVE,FALSE,FALSE,0:01:26,0:00:13,,,
2/19/2026 13:26:22,mltyy5ke0opw19fstxs,Bookshelf,5.00,ALIVE,FALSE,FALSE,0:01:56,0:00:02,,,
2/19/2026 13:26:24,mltyy5ke0opw19fstxs,Office,5.00,ALIVE,FALSE,FALSE,0:01:58,0:00:11,,,
2/19/2026 13:26:25,mltyz6ud2tn0f7fpn0i,Office desk,5.00,ALIVE,FALSE,FALSE,0:01:14,0:00:00,,,
2/19/2026 13:26:25,mltyz6ud2tn0f7fpn0i,Office,5.00,ALIVE,FALSE,FALSE,0:01:14,0:00:06,,,
2/19/2026 13:26:31,mltyz6ud2tn0f7fpn0i,Bookshelf,5.00,ALIVE,FALSE,FALSE,0:01:20,0:00:02,,,
2/19/2026 13:26:33,mltyz6ud2tn0f7fpn0i,Office,5.00,ALIVE,FALSE,FALSE,0:01:22,0:00:06,,,
2/19/2026 13:26:34,mltyy5ke0opw19fstxs,Office desk,5.00,ALIVE,FALSE,FALSE,0:02:08,0:00:04,,,
2/19/2026 13:26:34,mltyyub7t355z9wus09,Office desk,5.00,ALIVE,FALSE,FALSE,0:01:39,0:00:02,,,
2/19/2026 13:26:37,mltyyub7t355z9wus09,Office,5.00,ALIVE,FALSE,FALSE,0:01:41,0:00:06,,,
2/19/2026 13:26:38,mltyz6ud2tn0f7fpn0i,Fireplace,3.00,ALIVE,FALSE,FALSE,0:01:27,0:00:01,,,
2/19/2026 13:26:39,mltyy5ke0opw19fstxs,Office,5.00,ALIVE,FALSE,FALSE,0:02:13,0:00:07,,,
2/19/2026 13:26:39,mltyz6ud2tn0f7fpn0i,Office,3.00,ALIVE,FALSE,FALSE,0:01:28,0:00:10,,,
2/19/2026 13:26:43,mltyyub7t355z9wus09,Fireplace,3.00,ALIVE,FALSE,FALSE,0:01:47,0:00:03,,,
2/19/2026 13:26:46,mltyy5ke0opw19fstxs,Fireplace,3.00,ALIVE,FALSE,FALSE,0:02:20,0:00:07,,,
2/19/2026 13:26:46,mltyyub7t355z9wus09,Office,3.00,ALIVE,FALSE,FALSE,0:01:51,0:00:05,,,
2/19/2026 13:26:50,mltyz6ud2tn0f7fpn0i,Office desk,3.00,ALIVE,FALSE,FALSE,0:01:39,0:00:02,,,
2/19/2026 13:26:52,mltyz6ud2tn0f7fpn0i,Office,3.00,ALIVE,FALSE,FALSE,0:01:41,0:00:03,,,
2/19/2026 13:26:52,mltyyub7t355z9wus09,Bookshelf,3.00,ALIVE,FALSE,FALSE,0:01:56,0:00:00,,,
2/19/2026 13:26:52,mltyyub7t355z9wus09,Office,3.00,ALIVE,FALSE,FALSE,0:01:57,0:00:04,,,
2/19/2026 13:26:53,mltyy5ke0opw19fstxs,Office,3.00,ALIVE,FALSE,FALSE,0:02:27,0:00:08,,,
2/19/2026 13:26:54,mltyz6ud2tn0f7fpn0i,East Hall,3.00,ALIVE,FALSE,FALSE,0:01:43,0:00:02,,,
2/19/2026 13:26:56,mltyyub7t355z9wus09,East Hall,3.00,ALIVE,FALSE,FALSE,0:02:00,0:00:05,,,
2/19/2026 13:26:56,mltyz6ud2tn0f7fpn0i,Main Hall,3.00,ALIVE,FALSE,FALSE,0:01:45,0:00:02,,,
2/19/2026 13:26:58,mltyz6ud2tn0f7fpn0i,Upstairs Hall,3.00,ALIVE,FALSE,FALSE,0:01:47,0:00:02,,,
2/19/2026 13:26:59,mltyz6ud2tn0f7fpn0i,Parent Bedroom,3.00,ALIVE,FALSE,FALSE,0:01:48,0:00:02,,,
2/19/2026 13:27:01,mltyy5ke0opw19fstxs,East Hall,3.00,ALIVE,FALSE,FALSE,0:02:35,0:00:04,,,
2/19/2026 13:27:01,mltyyub7t355z9wus09,Storage Room,3.00,ALIVE,FALSE,FALSE,0:02:05,0:00:05,,,
2/19/2026 13:27:01,mltyz6ud2tn0f7fpn0i,Drawer,3.00,ALIVE,FALSE,FALSE,0:01:50,0:00:02,,,
2/19/2026 13:27:03,mltyz6ud2tn0f7fpn0i,Upstairs Hall,3.00,ALIVE,FALSE,FALSE,0:01:52,0:00:02,,,
2/19/2026 13:27:04,mltyy5ke0opw19fstxs,Main Hall,3.00,ALIVE,FALSE,FALSE,0:02:38,0:00:05,,,
2/19/2026 13:27:05,mltyz6ud2tn0f7fpn0i,Teen Bedroom,3.00,ALIVE,FALSE,FALSE,0:01:54,0:00:01,,,
2/19/2026 13:27:06,mltyz6ud2tn0f7fpn0i,Bed,3.00,ALIVE,TRUE,FALSE,0:01:55,0:00:05,,,
2/19/2026 13:27:06,mltyyub7t355z9wus09,Cabinet,3.00,ALIVE,FALSE,FALSE,0:02:11,0:00:01,,,
2/19/2026 13:27:07,mltyyub7t355z9wus09,Storage Room,3.00,ALIVE,FALSE,FALSE,0:02:12,0:00:24,,,
2/19/2026 13:27:09,mltyy5ke0opw19fstxs,West Hall,3.00,ALIVE,FALSE,FALSE,0:02:43,0:00:03,,,
2/19/2026 13:27:11,mltyz6ud2tn0f7fpn0i,Teen Bedroom,3.00,ALIVE,TRUE,FALSE,0:02:00,0:00:03,,,
2/19/2026 13:27:11,mltz12rofqht8nlqfg9,Story Init Passage,5.00,ALIVE,FALSE,FALSE,0:00:00,0:00:41,,,
2/19/2026 13:27:12,mltyy5ke0opw19fstxs,Main Hall,3.00,ALIVE,FALSE,FALSE,0:02:46,0:00:01,,,
2/19/2026 13:27:13,mltyy5ke0opw19fstxs,Upstairs Hall,3.00,ALIVE,FALSE,FALSE,0:02:47,0:00:04,,,
2/19/2026 13:27:14,mltyz6ud2tn0f7fpn0i,Teen Desk,3.00,ALIVE,TRUE,FALSE,0:02:03,0:00:02,,,
2/19/2026 13:27:16,mltyz6ud2tn0f7fpn0i,Teen Bedroom,3.00,ALIVE,TRUE,FALSE,0:02:05,0:00:01,,,
2/19/2026 13:27:17,mltyz6ud2tn0f7fpn0i,Upstairs Hall,3.00,ALIVE,TRUE,FALSE,0:02:06,0:00:01,,,
2/19/2026 13:27:17,mltyy5ke0opw19fstxs,Bathroom,3.00,ALIVE,FALSE,FALSE,0:02:52,0:00:11,,,
2/19/2026 13:27:18,mltyz6ud2tn0f7fpn0i,Bathroom,3.00,ALIVE,TRUE,FALSE,0:02:07,0:00:07,,,
2/19/2026 13:27:25,mltyz6ud2tn0f7fpn0i,Bathroom,1.00,ALIVE,TRUE,FALSE,0:02:14,0:00:01,,,
2/19/2026 13:27:27,mltyz6ud2tn0f7fpn0i,Mirror,1.00,ALIVE,TRUE,FALSE,0:02:16,0:00:08,,,
2/19/2026 13:27:29,mltyy5ke0opw19fstxs,Mirror,1.00,ALIVE,FALSE,FALSE,0:03:03,0:00:02,,,
2/19/2026 13:27:30,mltyy5ke0opw19fstxs,Bathroom,1.00,ALIVE,FALSE,FALSE,0:03:04,0:00:07,,,
2/19/2026 13:27:31,mltyyub7t355z9wus09,Papers,3.00,ALIVE,FALSE,FALSE,0:02:36,0:00:07,,,
2/19/2026 13:27:34,mltyz6ud2tn0f7fpn0i,Shower,-1.00,DEAD,TRUE,FALSE,0:02:23,0:00:05,,,
2/19/2026 13:27:38,mltyy5ke0opw19fstxs,Shower,-1.00,DEAD,FALSE,FALSE,0:03:12,0:00:08,,,
2/19/2026 13:27:38,mltyyub7t355z9wus09,Storage Room,3.00,ALIVE,FALSE,FALSE,0:02:43,0:00:02,,,
2/19/2026 13:27:39,mltyz6ud2tn0f7fpn0i,Death,-1.00,DEAD,TRUE,FALSE,0:02:28,-1105741:27:39,,,
2/19/2026 13:27:40,mltyyub7t355z9wus09,Cabinet,3.00,ALIVE,FALSE,FALSE,0:02:44,0:00:05,,,
2/19/2026 13:27:45,mltyyub7t355z9wus09,Storage Room,3.00,ALIVE,FALSE,FALSE,0:02:49,0:00:06,,,
2/19/2026 13:27:46,mltyy5ke0opw19fstxs,Death,-1.00,DEAD,FALSE,FALSE,0:03:20,0:00:09,,,
2/19/2026 13:27:51,mltyyub7t355z9wus09,Papers,3.00,ALIVE,FALSE,FALSE,0:02:55,0:00:03,,,
2/19/2026 13:27:52,mltz12rofqht8nlqfg9,Intro Passage,5.00,ALIVE,FALSE,FALSE,0:00:41,0:00:33,,,
2/19/2026 13:27:54,mltyyub7t355z9wus09,Storage Room,3.00,ALIVE,FALSE,FALSE,0:02:59,0:00:00,,,
2/19/2026 13:27:55,mltyyub7t355z9wus09,East Hall,3.00,ALIVE,FALSE,FALSE,0:02:59,0:00:03,,,
2/19/2026 13:27:55,mltyy5ke0opw19fstxs,Intro Passage,5.00,ALIVE,FALSE,FALSE,0:03:29,0:00:04,,,
2/19/2026 13:27:57,mltyyub7t355z9wus09,Main Hall,3.00,ALIVE,FALSE,FALSE,0:03:02,0:00:03,,,
2/19/2026 13:27:59,mltyy5ke0opw19fstxs,East Hall,5.00,ALIVE,FALSE,FALSE,0:03:33,0:00:02,,,
2/19/2026 13:28:00,mltyyub7t355z9wus09,West Hall,3.00,ALIVE,FALSE,FALSE,0:03:04,0:00:03,,,
2/19/2026 13:28:01,mltyy5ke0opw19fstxs,Office,5.00,ALIVE,FALSE,FALSE,0:03:35,0:00:00,,,
2/19/2026 13:28:01,mltyy5ke0opw19fstxs,Main Hall,5.00,ALIVE,FALSE,FALSE,0:03:35,0:00:09,,,
2/19/2026 13:28:03,mltyyub7t355z9wus09,Main Hall,3.00,ALIVE,FALSE,FALSE,0:03:07,0:00:06,,,
2/19/2026 13:28:08,mltyyub7t355z9wus09,Upstairs Hall,3.00,ALIVE,FALSE,FALSE,0:03:13,0:00:00,,,
2/19/2026 13:28:09,mltyyub7t355z9wus09,Teen Bedroom,3.00,ALIVE,FALSE,FALSE,0:03:13,0:00:02,,,
2/19/2026 13:28:10,mltyy5ke0opw19fstxs,Office,5.00,ALIVE,FALSE,FALSE,0:03:44,0:00:01,,,
2/19/2026 13:28:11,mltyyub7t355z9wus09,Bed,3.00,ALIVE,TRUE,FALSE,0:03:15,0:00:02,,,
2/19/2026 13:28:11,mltyy5ke0opw19fstxs,Office desk,5.00,ALIVE,FALSE,FALSE,0:03:45,0:00:01,,,
2/19/2026 13:28:12,mltyy5ke0opw19fstxs,Office desk,5.00,ALIVE,FALSE,FALSE,0:03:46,0:00:02,,,
2/19/2026 13:28:13,mltyyub7t355z9wus09,Teen Bedroom,3.00,ALIVE,TRUE,FALSE,0:03:17,0:00:02,,,
2/19/2026 13:28:15,mltyyub7t355z9wus09,Upstairs Hall,3.00,ALIVE,TRUE,FALSE,0:03:19,0:00:02,,,
2/19/2026 13:28:15,mltyy5ke0opw19fstxs,Office,5.00,ALIVE,FALSE,FALSE,0:03:49,0:00:01,,,
2/19/2026 13:28:16,mltyy5ke0opw19fstxs,Office desk,5.00,ALIVE,FALSE,FALSE,0:03:50,0:00:02,,,
2/19/2026 13:28:17,mltyyub7t355z9wus09,Main Hall,3.00,ALIVE,TRUE,FALSE,0:03:22,0:00:04,,,
2/19/2026 13:28:17,mltyy5ke0opw19fstxs,Office,5.00,ALIVE,FALSE,FALSE,0:03:51,0:00:02,,,
2/19/2026 13:28:19,mltyy5ke0opw19fstxs,East Hall,5.00,ALIVE,FALSE,FALSE,0:03:53,0:00:00,,,
2/19/2026 13:28:20,mltyy5ke0opw19fstxs,Main Hall,5.00,ALIVE,FALSE,FALSE,0:03:54,0:00:05,,,
2/19/2026 13:28:21,mltyyub7t355z9wus09,West Hall,3.00,ALIVE,TRUE,FALSE,0:03:26,0:00:03,,,
2/19/2026 13:28:24,mltyyub7t355z9wus09,West Hall,3.00,ALIVE,TRUE,FALSE,0:03:29,0:00:04,,,
2/19/2026 13:28:25,mltyy5ke0opw19fstxs,Upstairs Hall,5.00,ALIVE,FALSE,FALSE,0:03:59,0:00:03,,,
2/19/2026 13:28:25,mltz12rofqht8nlqfg9,Main Hall,5.00,ALIVE,FALSE,FALSE,0:01:13,0:00:10,,,
2/19/2026 13:28:28,mltyy5ke0opw19fstxs,Parent Bedroom,5.00,ALIVE,FALSE,FALSE,0:04:02,0:00:04,,,
2/19/2026 13:28:28,mltyyub7t355z9wus09,Kitchen,3.00,ALIVE,TRUE,FALSE,0:03:33,0:00:03,,,
2/19/2026 13:28:31,mltyyub7t355z9wus09,West Hall,3.00,ALIVE,TRUE,FALSE,0:03:35,0:00:03,,,
2/19/2026 13:28:31,mltyy5ke0opw19fstxs,Drawer,5.00,ALIVE,FALSE,FALSE,0:04:06,0:00:03,,,
2/19/2026 13:28:34,mltyyub7t355z9wus09,Boiler Room,3.00,ALIVE,TRUE,FALSE,0:03:39,0:00:02,,,
2/19/2026 13:28:34,mltyy5ke0opw19fstxs,Upstairs Hall,5.00,ALIVE,FALSE,FALSE,0:04:08,0:00:01,,,
2/19/2026 13:28:35,mltz12rofqht8nlqfg9,West Hall,5.00,ALIVE,FALSE,FALSE,0:01:23,0:00:01,,,
2/19/2026 13:28:35,mltyy5ke0opw19fstxs,Teen Bedroom,5.00,ALIVE,FALSE,FALSE,0:04:10,0:00:04,,,
2/19/2026 13:28:36,mltyyub7t355z9wus09,Exit Door,3.00,ALIVE,TRUE,FALSE,0:03:40,0:00:01,,,
2/19/2026 13:28:36,mltz12rofqht8nlqfg9,Main Hall,5.00,ALIVE,FALSE,FALSE,0:01:25,0:00:10,,,
2/19/2026 13:28:37,mltyyub7t355z9wus09,Boiler Room,3.00,ALIVE,TRUE,FALSE,0:03:41,0:00:07,,,
2/19/2026 13:28:39,mltyy5ke0opw19fstxs,Teen Desk,5.00,ALIVE,FALSE,FALSE,0:04:13,0:00:01,,,
2/19/2026 13:28:41,mltyy5ke0opw19fstxs,Teen Bedroom,5.00,ALIVE,FALSE,FALSE,0:04:15,0:00:02,,,
2/19/2026 13:28:43,mltyy5ke0opw19fstxs,Bed,5.00,ALIVE,TRUE,FALSE,0:04:17,0:00:01,,,
2/19/2026 13:28:43,mltyyub7t355z9wus09,Boiler Space,3.00,ALIVE,TRUE,FALSE,0:03:48,0:00:06,,,
2/19/2026 13:28:44,mltyy5ke0opw19fstxs,Teen Bedroom,5.00,ALIVE,TRUE,FALSE,0:04:18,0:00:02,,,
2/19/2026 13:28:45,mltyy5ke0opw19fstxs,Upstairs Hall,5.00,ALIVE,TRUE,FALSE,0:04:19,0:00:02,,,
2/19/2026 13:28:46,mltz12rofqht8nlqfg9,East Hall,5.00,ALIVE,FALSE,FALSE,0:01:34,0:00:59,,,
2/19/2026 13:28:47,mltyy5ke0opw19fstxs,Main Hall,5.00,ALIVE,TRUE,FALSE,0:04:22,0:00:03,,,
2/19/2026 13:28:50,mltyyub7t355z9wus09,Endless Path,3.00,ALIVE,TRUE,FALSE,0:03:54,0:00:05,,,
2/19/2026 13:28:50,mltyy5ke0opw19fstxs,West Hall,5.00,ALIVE,TRUE,FALSE,0:04:24,0:00:04,,,
2/19/2026 13:28:54,mltyy5ke0opw19fstxs,West Hall,5.00,ALIVE,TRUE,FALSE,0:04:28,0:00:05,,,
2/19/2026 13:28:55,mltyyub7t355z9wus09,Endless Path,3.00,ALIVE,TRUE,FALSE,0:03:59,0:00:05,,,
2/19/2026 13:28:59,mltyy5ke0opw19fstxs,Kitchen,5.00,ALIVE,TRUE,FALSE,0:04:33,0:00:01,,,
2/19/2026 13:29:00,mltyyub7t355z9wus09,Endless Path,3.00,ALIVE,TRUE,FALSE,0:04:04,0:00:04,,,
2/19/2026 13:29:00,mltyy5ke0opw19fstxs,West Hall,5.00,ALIVE,TRUE,FALSE,0:04:34,0:00:06,,,
2/19/2026 13:29:04,mltyyub7t355z9wus09,Endless Path,3.00,ALIVE,TRUE,FALSE,0:04:08,0:00:04,,,
2/19/2026 13:29:06,mltyy5ke0opw19fstxs,Boiler Room,5.00,ALIVE,TRUE,FALSE,0:04:40,0:00:02,,,
2/19/2026 13:29:07,mltyy5ke0opw19fstxs,Exit Door,5.00,ALIVE,TRUE,FALSE,0:04:42,0:00:03,,,
2/19/2026 13:29:08,mltyyub7t355z9wus09,Endless Path,3.00,ALIVE,TRUE,FALSE,0:04:12,0:00:04,,,
2/19/2026 13:29:11,mltyy5ke0opw19fstxs,Boiler Room,5.00,ALIVE,TRUE,FALSE,0:04:45,0:00:13,,,
2/19/2026 13:29:12,mltyyub7t355z9wus09,Endless Path,3.00,ALIVE,TRUE,FALSE,0:04:17,0:00:05,,,
2/19/2026 13:29:18,mltyyub7t355z9wus09,Endless Path,3.00,ALIVE,TRUE,FALSE,0:04:22,0:00:05,,,
2/19/2026 13:29:22,mltyyub7t355z9wus09,Endless Path,3.00,ALIVE,TRUE,FALSE,0:04:27,0:00:02,,,
2/19/2026 13:29:24,mltyy5ke0opw19fstxs,Boiler Space,5.00,ALIVE,TRUE,FALSE,0:04:58,0:00:01,,,
2/19/2026 13:29:24,mltyyub7t355z9wus09,Endless Path,3.00,ALIVE,TRUE,FALSE,0:04:29,0:00:07,,,
2/19/2026 13:29:25,mltyy5ke0opw19fstxs,Boiler Room,5.00,ALIVE,TRUE,FALSE,0:05:00,0:00:03,,,
2/19/2026 13:29:28,mltyy5ke0opw19fstxs,West Hall,5.00,ALIVE,TRUE,FALSE,0:05:02,0:00:08,,,
2/19/2026 13:29:31,mltyyub7t355z9wus09,Endless Path,3.00,ALIVE,TRUE,FALSE,0:04:36,0:00:04,,,
2/19/2026 13:29:36,mltyyub7t355z9wus09,Endless Path,3.00,ALIVE,TRUE,FALSE,0:04:40,0:00:04,,,
2/19/2026 13:29:36,mltyy5ke0opw19fstxs,ChaseRoom,5.00,ALIVE,TRUE,FALSE,0:05:10,0:00:02,,,
2/19/2026 13:29:38,mltyy5ke0opw19fstxs,MashAttempt,5.00,ALIVE,TRUE,FALSE,0:05:12,0:00:01,,,
2/19/2026 13:29:38,mltyy5ke0opw19fstxs,MashAttempt,5.00,ALIVE,TRUE,FALSE,0:05:12,0:00:00,,,
2/19/2026 13:29:39,mltyy5ke0opw19fstxs,MashAttempt,5.00,ALIVE,TRUE,FALSE,0:05:13,0:00:01,,,
2/19/2026 13:29:40,mltyyub7t355z9wus09,Endless Path,3.00,ALIVE,TRUE,FALSE,0:04:44,0:00:04,,,
2/19/2026 13:29:40,mltyy5ke0opw19fstxs,MashAttempt,5.00,ALIVE,TRUE,FALSE,0:05:14,0:00:00,,,
2/19/2026 13:29:40,mltyy5ke0opw19fstxs,MashAttempt,5.00,ALIVE,TRUE,FALSE,0:05:14,0:00:00,,,
2/19/2026 13:29:41,mltyy5ke0opw19fstxs,MashAttempt,5.00,ALIVE,TRUE,FALSE,0:05:15,0:00:00,,,
2/19/2026 13:29:41,mltyy5ke0opw19fstxs,MashAttempt,5.00,ALIVE,TRUE,FALSE,0:05:15,0:00:00,,,
2/19/2026 13:29:41,mltyy5ke0opw19fstxs,MashAttempt,5.00,ALIVE,TRUE,FALSE,0:05:15,0:00:00,,,
2/19/2026 13:29:41,mltyy5ke0opw19fstxs,MashAttempt,5.00,ALIVE,TRUE,FALSE,0:05:15,0:00:00,,,
2/19/2026 13:29:42,mltyy5ke0opw19fstxs,MashAttempt,5.00,ALIVE,TRUE,FALSE,0:05:16,0:00:00,,,
2/19/2026 13:29:42,mltyy5ke0opw19fstxs,MashAttempt,5.00,ALIVE,TRUE,FALSE,0:05:16,0:00:00,,,
2/19/2026 13:29:42,mltyy5ke0opw19fstxs,MashAttempt,5.00,ALIVE,TRUE,FALSE,0:05:16,0:00:00,,,
2/19/2026 13:29:42,mltyy5ke0opw19fstxs,MashAttempt,5.00,ALIVE,TRUE,FALSE,0:05:16,0:00:00,,,
2/19/2026 13:29:42,mltyy5ke0opw19fstxs,MashAttempt,5.00,ALIVE,TRUE,FALSE,0:05:17,0:00:00,,,
2/19/2026 13:29:43,mltyy5ke0opw19fstxs,MashAttempt,5.00,ALIVE,TRUE,FALSE,0:05:17,0:00:00,,,
2/19/2026 13:29:43,mltyy5ke0opw19fstxs,MashAttempt,5.00,ALIVE,TRUE,FALSE,0:05:17,0:00:00,,,
2/19/2026 13:29:43,mltyy5ke0opw19fstxs,MashAttempt,5.00,ALIVE,TRUE,FALSE,0:05:17,0:00:00,,,
2/19/2026 13:29:43,mltyy5ke0opw19fstxs,MashAttempt,5.00,ALIVE,TRUE,FALSE,0:05:17,0:00:00,,,
2/19/2026 13:29:44,mltyy5ke0opw19fstxs,MashAttempt,5.00,ALIVE,TRUE,FALSE,0:05:18,0:00:01,,,
2/19/2026 13:29:44,mltyyub7t355z9wus09,Endless Path,3.00,ALIVE,TRUE,FALSE,0:04:48,0:00:03,,,
2/19/2026 13:29:44,mltyy5ke0opw19fstxs,MashAttempt,5.00,ALIVE,TRUE,FALSE,0:05:18,0:00:00,,,
2/19/2026 13:29:44,mltz12rofqht8nlqfg9,Office,5.00,ALIVE,FALSE,FALSE,0:02:33,1:08:55,,,
2/19/2026 13:29:45,mltyy5ke0opw19fstxs,MashAttempt,5.00,ALIVE,TRUE,FALSE,0:05:19,0:00:02,,,
2/19/2026 13:29:46,mltyyub7t355z9wus09,Endless Path,3.00,ALIVE,TRUE,FALSE,0:04:51,0:00:07,,,
2/19/2026 13:29:47,mltyy5ke0opw19fstxs,MashAttempt,5.00,ALIVE,TRUE,FALSE,0:05:21,0:00:09,,,
2/19/2026 13:29:53,mltyyub7t355z9wus09,Endless Path,3.00,ALIVE,TRUE,FALSE,0:04:57,0:00:06,,,
2/19/2026 13:29:56,mltyy5ke0opw19fstxs,Death,5.00,ALIVE,TRUE,TRUE,0:05:30,0:00:03,,,
2/19/2026 13:29:59,mltyyub7t355z9wus09,Endless Path,3.00,ALIVE,TRUE,FALSE,0:05:03,0:00:04,,,
2/19/2026 13:30:00,mltyy5ke0opw19fstxs,Main Hall,5.00,ALIVE,TRUE,TRUE,0:05:34,0:00:05,,,
2/19/2026 13:30:03,mltyyub7t355z9wus09,Endless Path,3.00,ALIVE,TRUE,FALSE,0:05:07,0:00:04,,,
2/19/2026 13:30:05,mltyy5ke0opw19fstxs,West Hall,5.00,ALIVE,TRUE,TRUE,0:05:39,0:00:02,,,
2/19/2026 13:30:07,mltyyub7t355z9wus09,Endless Path,3.00,ALIVE,TRUE,FALSE,0:05:11,0:00:13,,,
2/19/2026 13:30:07,mltyy5ke0opw19fstxs,Main Hall,5.00,ALIVE,TRUE,TRUE,0:05:41,0:00:02,,,
2/19/2026 13:30:09,mltyy5ke0opw19fstxs,East Hall,5.00,ALIVE,TRUE,TRUE,0:05:43,0:00:02,,,
2/19/2026 13:30:11,mltyy5ke0opw19fstxs,Storage Room,5.00,ALIVE,TRUE,TRUE,0:05:45,0:00:01,,,
2/19/2026 13:30:12,mltyy5ke0opw19fstxs,Cabinet,5.00,ALIVE,TRUE,TRUE,0:05:46,0:00:01,,,
2/19/2026 13:30:13,mltyy5ke0opw19fstxs,Storage Room,5.00,ALIVE,TRUE,TRUE,0:05:47,0:00:08,,,
2/19/2026 13:30:20,mltyyub7t355z9wus09,Endless Path,3.00,ALIVE,TRUE,FALSE,0:05:24,0:00:06,,,
2/19/2026 13:30:21,mltyy5ke0opw19fstxs,Storage Room,5.00,ALIVE,TRUE,TRUE,0:05:55,0:00:01,,,
2/19/2026 13:30:21,mltyy5ke0opw19fstxs,Papers,5.00,ALIVE,TRUE,TRUE,0:05:55,0:00:03,,,
2/19/2026 13:30:24,mltyy5ke0opw19fstxs,East Hall,5.00,ALIVE,TRUE,TRUE,0:05:58,0:00:02,,,
2/19/2026 13:30:25,mltyyub7t355z9wus09,Death,5.00,ALIVE,TRUE,TRUE,0:05:30,0:00:07,,,
2/19/2026 13:30:26,mltyy5ke0opw19fstxs,Main Hall,5.00,ALIVE,TRUE,TRUE,0:06:00,0:00:02,,,
2/19/2026 13:30:28,mltyy5ke0opw19fstxs,Upstairs Hall,5.00,ALIVE,TRUE,TRUE,0:06:02,0:00:03,,,
2/19/2026 13:30:31,mltyy5ke0opw19fstxs,Bathroom,5.00,ALIVE,TRUE,TRUE,0:06:05,0:00:02,,,
2/19/2026 13:30:33,mltyyub7t355z9wus09,Main Hall,5.00,ALIVE,TRUE,TRUE,0:05:37,0:00:02,,,
2/19/2026 13:30:33,mltyy5ke0opw19fstxs,Upstairs Hall,5.00,ALIVE,TRUE,TRUE,0:06:07,0:00:02,,,
2/19/2026 13:30:34,mltyyub7t355z9wus09,West Hall,5.00,ALIVE,TRUE,TRUE,0:05:39,0:00:06,,,
2/19/2026 13:30:35,mltyy5ke0opw19fstxs,Main Hall,5.00,ALIVE,TRUE,TRUE,0:06:09,0:00:01,,,
2/19/2026 13:30:36,mltyy5ke0opw19fstxs,West Hall,5.00,ALIVE,TRUE,TRUE,0:06:10,0:00:04,,,
2/19/2026 13:30:39,mltyy5ke0opw19fstxs,Boiler Room,5.00,ALIVE,TRUE,TRUE,0:06:14,0:00:02,,,
2/19/2026 13:30:40,mltyyub7t355z9wus09,ChaseRoom,5.00,ALIVE,TRUE,TRUE,0:05:45,0:00:03,,,
2/19/2026 13:30:41,mltyy5ke0opw19fstxs,Exit Door,5.00,ALIVE,TRUE,TRUE,0:06:15,0:00:20,,,
2/19/2026 13:30:43,mltyyub7t355z9wus09,MashAttempt,5.00,ALIVE,TRUE,TRUE,0:05:48,0:00:01,,,
2/19/2026 13:30:44,mltyyub7t355z9wus09,MashAttempt,5.00,ALIVE,TRUE,TRUE,0:05:49,0:00:02,,,
2/19/2026 13:30:46,mltyyub7t355z9wus09,MashAttempt,5.00,ALIVE,TRUE,TRUE,0:05:51,0:00:00,,,
2/19/2026 13:30:47,mltyyub7t355z9wus09,MashAttempt,5.00,ALIVE,TRUE,TRUE,0:05:51,0:00:00,,,
2/19/2026 13:30:47,mltyyub7t355z9wus09,MashAttempt,5.00,ALIVE,TRUE,TRUE,0:05:52,0:00:00,,,
2/19/2026 13:30:47,mltyyub7t355z9wus09,MashAttempt,5.00,ALIVE,TRUE,TRUE,0:05:52,0:00:00,,,
2/19/2026 13:30:48,mltyyub7t355z9wus09,MashAttempt,5.00,ALIVE,TRUE,TRUE,0:05:52,0:00:00,,,
2/19/2026 13:30:48,mltyyub7t355z9wus09,MashAttempt,5.00,ALIVE,TRUE,TRUE,0:05:52,0:00:00,,,
2/19/2026 13:30:48,mltyyub7t355z9wus09,MashAttempt,5.00,ALIVE,TRUE,TRUE,0:05:53,0:00:01,,,
2/19/2026 13:30:49,mltyyub7t355z9wus09,MashAttempt,5.00,ALIVE,TRUE,TRUE,0:05:53,0:00:00,,,
2/19/2026 13:30:49,mltyyub7t355z9wus09,MashAttempt,5.00,ALIVE,TRUE,TRUE,0:05:53,0:00:00,,,
2/19/2026 13:30:49,mltyyub7t355z9wus09,MashAttempt,5.00,ALIVE,TRUE,TRUE,0:05:54,0:00:00,,,
2/19/2026 13:30:49,mltyyub7t355z9wus09,MashAttempt,5.00,ALIVE,TRUE,TRUE,0:05:54,0:00:00,,,
2/19/2026 13:30:50,mltyyub7t355z9wus09,MashAttempt,5.00,ALIVE,TRUE,TRUE,0:05:54,0:00:00,,,
2/19/2026 13:30:50,mltyyub7t355z9wus09,MashAttempt,5.00,ALIVE,TRUE,TRUE,0:05:54,0:00:00,,,
2/19/2026 13:30:50,mltyyub7t355z9wus09,MashAttempt,5.00,ALIVE,TRUE,TRUE,0:05:54,0:00:00,,,
2/19/2026 13:30:50,mltyyub7t355z9wus09,MashAttempt,5.00,ALIVE,TRUE,TRUE,0:05:55,0:00:00,,,
2/19/2026 13:30:50,mltyyub7t355z9wus09,MashAttempt,5.00,ALIVE,TRUE,TRUE,0:05:55,0:00:00,,,
2/19/2026 13:30:51,mltyyub7t355z9wus09,MashAttempt,5.00,ALIVE,TRUE,TRUE,0:05:55,0:00:00,,,
2/19/2026 13:30:51,mltyyub7t355z9wus09,MashAttempt,5.00,ALIVE,TRUE,TRUE,0:05:55,0:00:00,,,
2/19/2026 13:30:51,mltyyub7t355z9wus09,MashAttempt,5.00,ALIVE,TRUE,TRUE,0:05:56,0:00:00,,,
2/19/2026 13:30:51,mltyyub7t355z9wus09,MashAttempt,5.00,ALIVE,TRUE,TRUE,0:05:56,0:00:01,,,
2/19/2026 13:30:52,mltyyub7t355z9wus09,MashAttempt,5.00,ALIVE,TRUE,TRUE,0:05:57,0:00:06,,,
2/19/2026 13:30:58,mltyyub7t355z9wus09,Death,5.00,ALIVE,TRUE,TRUE,0:06:03,-1105741:30:58,,,
2/19/2026 13:31:01,mltyy5ke0opw19fstxs,Freedom,5.00,ALIVE,TRUE,TRUE,0:06:35,-1105741:31:01,,,
2/19/2026 13:36:06,mltzdz6n0rk62p1n3bte,Story Init Passage,5.00,ALIVE,FALSE,FALSE,0:00:00,0:00:00,,,
2/19/2026 13:36:06,mltzdz6n0rk62p1n3bte,Intro Passage,5.00,ALIVE,FALSE,FALSE,0:00:00,0:00:12,,,
2/19/2026 13:36:18,mltzdz6n0rk62p1n3bte,Perimeter,5.00,ALIVE,FALSE,FALSE,0:00:12,0:00:00,,,
2/19/2026 13:36:18,mltzdz6n0rk62p1n3bte,Rabid Dog Attack,5.00,ALIVE,FALSE,FALSE,0:00:12,0:00:04,,,
2/19/2026 13:36:23,mltzdz6n0rk62p1n3bte,Main Hall,5.00,ALIVE,FALSE,FALSE,0:00:17,0:00:11,,,
2/19/2026 13:36:34,mltzdz6n0rk62p1n3bte,East Hall,5.00,ALIVE,FALSE,FALSE,0:00:28,0:00:04,,,
2/19/2026 13:36:38,mltzdz6n0rk62p1n3bte,Main Hall,5.00,ALIVE,FALSE,FALSE,0:00:32,0:00:10,,,
2/19/2026 13:36:48,mltzdz6n0rk62p1n3bte,West Hall,5.00,ALIVE,FALSE,FALSE,0:00:42,0:00:02,,,
2/19/2026 13:36:50,mltzdz6n0rk62p1n3bte,Main Hall,5.00,ALIVE,FALSE,FALSE,0:00:44,0:00:07,,,
2/19/2026 13:36:57,mltzdz6n0rk62p1n3bte,Upstairs Hall,5.00,ALIVE,FALSE,FALSE,0:00:51,0:00:06,,,
2/19/2026 13:37:03,mltzdz6n0rk62p1n3bte,Bathroom,5.00,ALIVE,FALSE,FALSE,0:00:57,0:01:04,,,
2/19/2026 13:38:07,mltzdz6n0rk62p1n3bte,Mirror,3.00,ALIVE,FALSE,FALSE,0:02:01,0:00:03,,,
2/19/2026 13:38:10,mltzdz6n0rk62p1n3bte,Bathroom,3.00,ALIVE,FALSE,FALSE,0:02:04,0:00:09,,,
2/19/2026 13:38:20,mltzdz6n0rk62p1n3bte,Shower,1.00,ALIVE,FALSE,FALSE,0:02:14,0:00:09,,,
2/19/2026 13:38:29,mltzdz6n0rk62p1n3bte,Upstairs Hall,1.00,ALIVE,FALSE,FALSE,0:02:23,0:00:05,,,
2/19/2026 13:38:33,mltzdz6n0rk62p1n3bte,Teen Bedroom,1.00,ALIVE,FALSE,FALSE,0:02:28,0:00:02,,,
2/19/2026 13:38:36,mltzdz6n0rk62p1n3bte,Bathroom,1.00,ALIVE,FALSE,FALSE,0:02:30,0:00:01,,,
2/19/2026 13:38:37,mltzdz6n0rk62p1n3bte,Bed,1.00,ALIVE,TRUE,FALSE,0:02:31,0:00:02,,,
2/19/2026 13:38:39,mltzdz6n0rk62p1n3bte,Teen Bedroom,1.00,ALIVE,TRUE,FALSE,0:02:33,0:00:09,,,
2/19/2026 13:38:48,mltzdz6n0rk62p1n3bte,Teen Desk,1.00,ALIVE,TRUE,FALSE,0:02:42,0:00:04,,,
2/19/2026 13:38:52,mltzdz6n0rk62p1n3bte,Teen Bedroom,1.00,ALIVE,TRUE,FALSE,0:02:46,0:00:03,,,
2/19/2026 13:38:55,mltzdz6n0rk62p1n3bte,Upstairs Hall,1.00,ALIVE,TRUE,FALSE,0:02:49,0:00:10,,,
2/19/2026 13:39:05,mltzdz6n0rk62p1n3bte,Parent Bedroom,1.00,ALIVE,TRUE,FALSE,0:02:59,0:00:08,,,
2/19/2026 13:39:12,mltzdz6n0rk62p1n3bte,Drawer,1.00,ALIVE,TRUE,FALSE,0:03:07,0:00:02,,,
2/19/2026 13:39:15,mltzdz6n0rk62p1n3bte,Upstairs Hall,1.00,ALIVE,TRUE,FALSE,0:03:09,0:00:05,,,
2/19/2026 13:39:19,mltzdz6n0rk62p1n3bte,Main Hall,1.00,ALIVE,TRUE,FALSE,0:03:13,0:00:03,,,
2/19/2026 13:39:22,mltzdz6n0rk62p1n3bte,West Hall,1.00,ALIVE,TRUE,FALSE,0:03:16,0:00:09,,,
2/19/2026 13:39:31,mltzdz6n0rk62p1n3bte,West Hall,1.00,ALIVE,TRUE,FALSE,0:03:26,0:00:00,,,
2/19/2026 13:39:32,mltzdz6n0rk62p1n3bte,Main Hall,1.00,ALIVE,TRUE,FALSE,0:03:26,0:00:06,,,
2/19/2026 13:39:38,mltzdz6n0rk62p1n3bte,East Hall,1.00,ALIVE,TRUE,FALSE,0:03:32,0:00:05,,,
2/19/2026 13:39:43,mltzdz6n0rk62p1n3bte,Office,1.00,ALIVE,TRUE,FALSE,0:03:37,0:00:07,,,
2/19/2026 13:39:51,mltzdz6n0rk62p1n3bte,Office desk,1.00,ALIVE,TRUE,FALSE,0:03:45,0:00:05,,,
2/19/2026 13:39:55,mltzdz6n0rk62p1n3bte,Office,1.00,ALIVE,TRUE,FALSE,0:03:49,0:00:08,,,
2/19/2026 13:40:04,mltzdz6n0rk62p1n3bte,Bookshelf,1.00,ALIVE,TRUE,FALSE,0:03:58,0:00:00,,,
2/19/2026 13:40:04,mltzdz6n0rk62p1n3bte,Office,1.00,ALIVE,TRUE,FALSE,0:03:58,0:00:12,,,
2/19/2026 13:40:16,mltzdz6n0rk62p1n3bte,Office desk,1.00,ALIVE,TRUE,FALSE,0:04:10,0:00:01,,,
2/19/2026 13:40:17,mltzdz6n0rk62p1n3bte,Office,1.00,ALIVE,TRUE,FALSE,0:04:11,0:00:05,,,
2/19/2026 13:40:21,mltzdz6n0rk62p1n3bte,Office desk,1.00,ALIVE,TRUE,FALSE,0:04:16,0:00:03,,,
2/19/2026 13:40:24,mltzdz6n0rk62p1n3bte,Office,1.00,ALIVE,TRUE,FALSE,0:04:18,0:00:07,,,
2/19/2026 13:40:31,mltzdz6n0rk62p1n3bte,Bookshelf,1.00,ALIVE,TRUE,FALSE,0:04:25,0:00:00,,,
2/19/2026 13:40:31,mltzdz6n0rk62p1n3bte,Office,1.00,ALIVE,TRUE,FALSE,0:04:25,0:00:10,,,
2/19/2026 13:40:41,mltzdz6n0rk62p1n3bte,Fireplace,-1.00,DEAD,TRUE,FALSE,0:04:35,0:00:20,,,
2/19/2026 13:41:01,mltzdz6n0rk62p1n3bte,Death,-1.00,DEAD,TRUE,FALSE,0:04:55,0:00:12,,,
2/19/2026 13:41:13,mltzdz6n0rk62p1n3bte,Intro Passage,5.00,ALIVE,FALSE,FALSE,0:05:08,0:00:02,,,
2/19/2026 13:41:16,mltzdz6n0rk62p1n3bte,Main Hall,5.00,ALIVE,FALSE,FALSE,0:05:10,0:00:01,,,
2/19/2026 13:41:17,mltzdz6n0rk62p1n3bte,West Hall,5.00,ALIVE,FALSE,FALSE,0:05:11,0:00:03,,,
2/19/2026 13:41:20,mltzdz6n0rk62p1n3bte,Main Hall,5.00,ALIVE,FALSE,FALSE,0:05:14,0:00:03,,,
2/19/2026 13:41:23,mltzdz6n0rk62p1n3bte,Upstairs Hall,5.00,ALIVE,FALSE,FALSE,0:05:17,0:00:00,,,
2/19/2026 13:41:24,mltzdz6n0rk62p1n3bte,Parent Bedroom,5.00,ALIVE,FALSE,FALSE,0:05:18,0:00:03,,,
2/19/2026 13:41:27,mltzdz6n0rk62p1n3bte,Drawer,5.00,ALIVE,FALSE,FALSE,0:05:21,0:00:01,,,
2/19/2026 13:41:28,mltzdz6n0rk62p1n3bte,Upstairs Hall,5.00,ALIVE,FALSE,FALSE,0:05:22,0:00:02,,,
2/19/2026 13:41:30,mltzdz6n0rk62p1n3bte,Teen Bedroom,5.00,ALIVE,FALSE,FALSE,0:05:24,0:00:00,,,
2/19/2026 13:41:30,mltzdz6n0rk62p1n3bte,Bed,5.00,ALIVE,TRUE,FALSE,0:05:24,0:00:01,,,
2/19/2026 13:41:31,mltzdz6n0rk62p1n3bte,Teen Bedroom,5.00,ALIVE,TRUE,FALSE,0:05:25,0:00:04,,,
2/19/2026 13:41:34,mltzdz6n0rk62p1n3bte,Teen Bedroom,5.00,ALIVE,TRUE,FALSE,0:05:28,0:00:01,,,
2/19/2026 13:41:35,mltzdz6n0rk62p1n3bte,Teen Desk,5.00,ALIVE,TRUE,FALSE,0:05:29,0:00:03,,,
2/19/2026 13:41:37,mltzdz6n0rk62p1n3bte,Upstairs Hall,5.00,ALIVE,TRUE,FALSE,0:05:32,0:00:02,,,
2/19/2026 13:41:39,mltzdz6n0rk62p1n3bte,Main Hall,5.00,ALIVE,TRUE,FALSE,0:05:34,0:00:02,,,
2/19/2026 13:41:41,mltzdz6n0rk62p1n3bte,East Hall,5.00,ALIVE,TRUE,FALSE,0:05:36,0:00:01,,,
2/19/2026 13:41:43,mltzdz6n0rk62p1n3bte,Office,5.00,ALIVE,TRUE,FALSE,0:05:37,0:00:08,,,
2/19/2026 13:41:51,mltzdz6n0rk62p1n3bte,Office,5.00,ALIVE,TRUE,FALSE,0:05:45,0:00:00,,,
2/19/2026 13:41:51,mltzdz6n0rk62p1n3bte,Bookshelf,5.00,ALIVE,TRUE,FALSE,0:05:45,0:00:10,,,
2/19/2026 13:42:01,mltzdz6n0rk62p1n3bte,Office desk,5.00,ALIVE,TRUE,FALSE,0:05:55,0:00:01,,,
2/19/2026 13:42:02,mltzdz6n0rk62p1n3bte,Office,5.00,ALIVE,TRUE,FALSE,0:05:57,0:00:01,,,
2/19/2026 13:42:03,mltzdz6n0rk62p1n3bte,East Hall,5.00,ALIVE,TRUE,FALSE,0:05:57,0:00:05,,,
2/19/2026 13:42:08,mltzdz6n0rk62p1n3bte,Storage Room,5.00,ALIVE,TRUE,FALSE,0:06:02,0:00:01,,,
2/19/2026 13:42:09,mltzdz6n0rk62p1n3bte,Cabinet,5.00,ALIVE,TRUE,FALSE,0:06:03,0:00:04,,,
2/19/2026 13:42:13,mltzdz6n0rk62p1n3bte,Storage Room,5.00,ALIVE,TRUE,FALSE,0:06:07,0:00:13,,,
2/19/2026 13:42:26,mltzdz6n0rk62p1n3bte,Papers,5.00,ALIVE,TRUE,FALSE,0:06:20,0:00:01,,,
2/19/2026 13:42:27,mltzdz6n0rk62p1n3bte,Storage Room,5.00,ALIVE,TRUE,FALSE,0:06:21,0:00:04,,,
2/19/2026 13:42:31,mltzdz6n0rk62p1n3bte,East Hall,5.00,ALIVE,TRUE,FALSE,0:06:26,0:00:00,,,
2/19/2026 13:42:32,mltzdz6n0rk62p1n3bte,Main Hall,5.00,ALIVE,TRUE,FALSE,0:06:26,0:00:01,,,
2/19/2026 13:42:33,mltzdz6n0rk62p1n3bte,West Hall,5.00,ALIVE,TRUE,FALSE,0:06:27,0:00:06,,,
2/19/2026 13:42:39,mltzdz6n0rk62p1n3bte,West Hall,5.00,ALIVE,TRUE,FALSE,0:06:33,0:00:06,,,
2/19/2026 13:42:45,mltzdz6n0rk62p1n3bte,Kitchen,5.00,ALIVE,TRUE,FALSE,0:06:39,0:00:03,,,
2/19/2026 13:42:48,mltzdz6n0rk62p1n3bte,West Hall,5.00,ALIVE,TRUE,FALSE,0:06:42,0:00:01,,,
2/19/2026 13:42:49,mltzdz6n0rk62p1n3bte,Kitchen,5.00,ALIVE,TRUE,FALSE,0:06:43,0:00:04,,,
2/19/2026 13:42:53,mltzdz6n0rk62p1n3bte,West Hall,5.00,ALIVE,TRUE,FALSE,0:06:47,0:00:04,,,
2/19/2026 13:42:57,mltzdz6n0rk62p1n3bte,Boiler Room,5.00,ALIVE,TRUE,FALSE,0:06:51,0:00:06,,,
2/19/2026 13:43:03,mltzdz6n0rk62p1n3bte,Exit Door,5.00,ALIVE,TRUE,FALSE,0:06:57,0:00:01,,,
2/19/2026 13:43:04,mltzdz6n0rk62p1n3bte,Boiler Room,5.00,ALIVE,TRUE,FALSE,0:06:58,0:00:06,,,
2/19/2026 13:43:07,mltzm6heqn8uyw43aoa,Story Init Passage,5.00,ALIVE,FALSE,FALSE,0:00:00,0:00:21,,,
2/19/2026 13:43:10,mltzdz6n0rk62p1n3bte,Boiler Space,5.00,ALIVE,TRUE,FALSE,0:07:05,0:00:03,,,
2/19/2026 13:43:13,mltzdz6n0rk62p1n3bte,Boiler Room,5.00,ALIVE,TRUE,FALSE,0:07:08,0:00:05,,,
2/19/2026 13:43:18,mltzdz6n0rk62p1n3bte,West Hall,5.00,ALIVE,TRUE,FALSE,0:07:13,0:00:03,,,
2/19/2026 13:43:21,mltzdz6n0rk62p1n3bte,East Hall,5.00,ALIVE,TRUE,FALSE,0:07:16,0:00:01,,,
2/19/2026 13:43:22,mltzdz6n0rk62p1n3bte,Main Hall,5.00,ALIVE,TRUE,FALSE,0:07:16,0:00:01,,,
2/19/2026 13:43:23,mltzdz6n0rk62p1n3bte,Storage Room,5.00,ALIVE,TRUE,FALSE,0:07:17,0:00:27,,,
2/19/2026 13:43:28,mltzm6heqn8uyw43aoa,Intro Passage,5.00,ALIVE,FALSE,FALSE,0:00:21,0:00:06,,,
2/19/2026 13:43:33,mltzm6heqn8uyw43aoa,Perimeter,5.00,ALIVE,FALSE,FALSE,0:00:27,0:00:10,,,
2/19/2026 13:43:44,mltzm6heqn8uyw43aoa,Main Hall,5.00,ALIVE,FALSE,FALSE,0:00:37,0:00:08,,,
2/19/2026 13:43:50,mltzdz6n0rk62p1n3bte,Cabinet,5.00,ALIVE,TRUE,FALSE,0:07:44,0:00:49,,,
2/19/2026 13:43:52,mltzm6heqn8uyw43aoa,East Hall,5.00,ALIVE,FALSE,FALSE,0:00:45,0:00:07,,,
2/19/2026 13:43:59,mltzm6heqn8uyw43aoa,Storage Room,5.00,ALIVE,FALSE,FALSE,0:00:52,0:00:02,,,
2/19/2026 13:44:01,mltzm6heqn8uyw43aoa,Cabinet,5.00,ALIVE,FALSE,FALSE,0:00:54,0:00:01,,,
2/19/2026 13:44:01,mltznfg3jznandz099e,Story Init Passage,5.00,ALIVE,FALSE,FALSE,0:00:00,-1105741:44:01,,,
2/19/2026 13:44:01,mltzm6heqn8uyw43aoa,Storage Room,5.00,ALIVE,FALSE,FALSE,0:00:55,0:00:11,,,
2/19/2026 13:44:13,mltzm6heqn8uyw43aoa,Storage Room,5.00,ALIVE,FALSE,FALSE,0:01:06,0:00:00,,,
2/19/2026 13:44:13,mltzm6heqn8uyw43aoa,Papers,5.00,ALIVE,FALSE,FALSE,0:01:06,0:00:04,,,
2/19/2026 13:44:17,mltzm6heqn8uyw43aoa,East Hall,5.00,ALIVE,FALSE,FALSE,0:01:10,0:00:04,,,
2/19/2026 13:44:21,mltzm6heqn8uyw43aoa,Office,5.00,ALIVE,FALSE,FALSE,0:01:15,0:00:03,,,
2/19/2026 13:44:25,mltzm6heqn8uyw43aoa,Office desk,5.00,ALIVE,FALSE,FALSE,0:01:18,0:00:03,,,
2/19/2026 13:44:28,mltzm6heqn8uyw43aoa,Office,5.00,ALIVE,FALSE,FALSE,0:01:21,0:00:06,,,
2/19/2026 13:44:34,mltzm6heqn8uyw43aoa,Bookshelf,5.00,ALIVE,FALSE,FALSE,0:01:27,0:00:02,,,
2/19/2026 13:44:35,mltzm6heqn8uyw43aoa,Office,5.00,ALIVE,FALSE,FALSE,0:01:28,0:00:09,,,
2/19/2026 13:44:39,mltzdz6n0rk62p1n3bte,Storage Room,5.00,ALIVE,TRUE,FALSE,0:08:34,0:00:03,,,
2/19/2026 13:44:43,mltzdz6n0rk62p1n3bte,East Hall,5.00,ALIVE,TRUE,FALSE,0:08:37,0:00:01,,,
2/19/2026 13:44:44,mltzm6heqn8uyw43aoa,Fireplace,3.00,ALIVE,FALSE,FALSE,0:01:37,0:00:01,,,
2/19/2026 13:44:44,mltzdz6n0rk62p1n3bte,Main Hall,5.00,ALIVE,TRUE,FALSE,0:08:38,0:00:03,,,
2/19/2026 13:44:45,mltzm6heqn8uyw43aoa,Office,3.00,ALIVE,FALSE,FALSE,0:01:38,0:00:09,,,
2/19/2026 13:44:47,mltzdz6n0rk62p1n3bte,West Hall,5.00,ALIVE,TRUE,FALSE,0:08:41,0:00:04,,,
2/19/2026 13:44:51,mltzdz6n0rk62p1n3bte,Boiler Room,5.00,ALIVE,TRUE,FALSE,0:08:46,0:00:00,,,
2/19/2026 13:44:52,mltzdz6n0rk62p1n3bte,West Hall,5.00,ALIVE,TRUE,FALSE,0:08:46,0:00:03,,,
2/19/2026 13:44:53,mltzm6heqn8uyw43aoa,Office desk,3.00,ALIVE,FALSE,FALSE,0:01:47,0:00:01,,,
2/19/2026 13:44:54,mltzm6heqn8uyw43aoa,Office,3.00,ALIVE,FALSE,FALSE,0:01:47,0:00:06,,,
2/19/2026 13:44:54,mltzdz6n0rk62p1n3bte,Kitchen,5.00,ALIVE,TRUE,FALSE,0:08:48,0:00:01,,,
2/19/2026 13:44:55,mltzdz6n0rk62p1n3bte,West Hall,5.00,ALIVE,TRUE,FALSE,0:08:49,0:00:07,,,
2/19/2026 13:45:00,mltzm6heqn8uyw43aoa,Fireplace,1.00,ALIVE,FALSE,FALSE,0:01:54,0:00:01,,,
2/19/2026 13:45:01,mltzm6heqn8uyw43aoa,Office,1.00,ALIVE,FALSE,FALSE,0:01:54,0:00:01,,,
2/19/2026 13:45:01,mltzdz6n0rk62p1n3bte,ChaseRoom,5.00,ALIVE,TRUE,FALSE,0:08:56,0:00:04,,,
2/19/2026 13:45:02,mltzm6heqn8uyw43aoa,East Hall,1.00,ALIVE,FALSE,FALSE,0:01:55,0:00:02,,,
2/19/2026 13:45:04,mltzm6heqn8uyw43aoa,Main Hall,1.00,ALIVE,FALSE,FALSE,0:01:57,0:00:04,,,
2/19/2026 13:45:05,mltzdz6n0rk62p1n3bte,MashAttempt,5.00,ALIVE,TRUE,FALSE,0:08:59,0:00:04,,,
2/19/2026 13:45:08,mltzm6heqn8uyw43aoa,West Hall,1.00,ALIVE,FALSE,FALSE,0:02:01,0:00:01,,,
2/19/2026 13:45:08,mltzm6heqn8uyw43aoa,Main Hall,1.00,ALIVE,FALSE,FALSE,0:02:02,0:00:04,,,
2/19/2026 13:45:09,mltzdz6n0rk62p1n3bte,MashAttempt,5.00,ALIVE,TRUE,FALSE,0:09:03,0:00:02,,,
2/19/2026 13:45:10,mltzdz6n0rk62p1n3bte,MashAttempt,5.00,ALIVE,TRUE,FALSE,0:09:04,0:00:04,,,
2/19/2026 13:45:12,mltzm6heqn8uyw43aoa,Upstairs Hall,1.00,ALIVE,FALSE,FALSE,0:02:06,0:00:02,,,
2/19/2026 13:45:14,mltzdz6n0rk62p1n3bte,MashAttempt,5.00,ALIVE,TRUE,FALSE,0:09:08,0:00:01,,,
2/19/2026 13:45:14,mltzm6heqn8uyw43aoa,Parent Bedroom,1.00,ALIVE,FALSE,FALSE,0:02:08,0:00:04,,,
2/19/2026 13:45:15,mltzdz6n0rk62p1n3bte,MashAttempt,5.00,ALIVE,TRUE,FALSE,0:09:09,0:00:00,,,
2/19/2026 13:45:15,mltzdz6n0rk62p1n3bte,MashAttempt,5.00,ALIVE,TRUE,FALSE,0:09:09,0:00:02,,,
2/19/2026 13:45:17,mltzdz6n0rk62p1n3bte,MashAttempt,5.00,ALIVE,TRUE,FALSE,0:09:12,0:00:00,,,
2/19/2026 13:45:18,mltzdz6n0rk62p1n3bte,MashAttempt,5.00,ALIVE,TRUE,FALSE,0:09:12,0:00:01,,,
2/19/2026 13:45:18,mltzm6heqn8uyw43aoa,Drawer,1.00,ALIVE,FALSE,FALSE,0:02:11,0:00:01,,,
2/19/2026 13:45:18,mltzdz6n0rk62p1n3bte,MashAttempt,5.00,ALIVE,TRUE,FALSE,0:09:13,0:00:03,,,
2/19/2026 13:45:19,mltzm6heqn8uyw43aoa,Upstairs Hall,1.00,ALIVE,FALSE,FALSE,0:02:12,0:00:01,,,
2/19/2026 13:45:20,mltzm6heqn8uyw43aoa,Teen Bedroom,1.00,ALIVE,FALSE,FALSE,0:02:13,0:00:01,,,
2/19/2026 13:45:21,mltzm6heqn8uyw43aoa,Bed,1.00,ALIVE,TRUE,FALSE,0:02:14,0:00:01,,,
2/19/2026 13:45:21,mltzdz6n0rk62p1n3bte,MashAttempt,5.00,ALIVE,TRUE,FALSE,0:09:16,0:00:01,,,
2/19/2026 13:45:22,mltzm6heqn8uyw43aoa,Teen Bedroom,1.00,ALIVE,TRUE,FALSE,0:02:15,0:00:07,,,
2/19/2026 13:45:22,mltzdz6n0rk62p1n3bte,MashAttempt,5.00,ALIVE,TRUE,FALSE,0:09:16,0:00:01,,,
2/19/2026 13:45:23,mltzdz6n0rk62p1n3bte,MashAttempt,5.00,ALIVE,TRUE,FALSE,0:09:17,0:00:01,,,
2/19/2026 13:45:24,mltzdz6n0rk62p1n3bte,MashAttempt,5.00,ALIVE,TRUE,FALSE,0:09:18,0:00:01,,,
2/19/2026 13:45:25,mltzdz6n0rk62p1n3bte,MashAttempt,5.00,ALIVE,TRUE,FALSE,0:09:19,0:00:04,,,
2/19/2026 13:45:28,mltzdz6n0rk62p1n3bte,MashAttempt,5.00,ALIVE,TRUE,FALSE,0:09:23,0:00:06,,,
2/19/2026 13:45:29,mltzm6heqn8uyw43aoa,Teen Bedroom,1.00,ALIVE,TRUE,FALSE,0:02:22,0:00:00,,,
2/19/2026 13:45:29,mltzm6heqn8uyw43aoa,Teen Desk,1.00,ALIVE,TRUE,FALSE,0:02:23,0:00:01,,,
2/19/2026 13:45:31,mltzm6heqn8uyw43aoa,Upstairs Hall,1.00,ALIVE,TRUE,FALSE,0:02:24,0:00:03,,,
2/19/2026 13:45:33,mltzm6heqn8uyw43aoa,Bathroom,1.00,ALIVE,TRUE,FALSE,0:02:27,0:00:05,,,
2/19/2026 13:45:34,mltzdz6n0rk62p1n3bte,Death,5.00,ALIVE,TRUE,TRUE,0:09:28,0:00:05,,,
2/19/2026 13:45:38,mltzm6heqn8uyw43aoa,Mirror,-1.00,DEAD,TRUE,FALSE,0:02:31,-1105741:45:38,,,
2/19/2026 13:45:39,mltzpj39r4xs03p5wgn,Story Init Passage,5.00,ALIVE,FALSE,FALSE,0:00:00,0:00:20,,,
2/19/2026 13:45:39,mltzdz6n0rk62p1n3bte,Main Hall,5.00,ALIVE,TRUE,TRUE,0:09:33,0:00:01,,,
2/19/2026 13:45:41,mltzdz6n0rk62p1n3bte,West Hall,5.00,ALIVE,TRUE,TRUE,0:09:35,0:00:06,,,
2/19/2026 13:45:47,mltzdz6n0rk62p1n3bte,ChaseRoom,5.00,ALIVE,TRUE,TRUE,0:09:41,0:00:00,,,
2/19/2026 13:45:47,mltzdz6n0rk62p1n3bte,MashAttempt,5.00,ALIVE,TRUE,TRUE,0:09:42,0:00:00,,,
2/19/2026 13:45:48,mltzdz6n0rk62p1n3bte,MashAttempt,5.00,ALIVE,TRUE,TRUE,0:09:42,0:00:01,,,
2/19/2026 13:45:48,mltzdz6n0rk62p1n3bte,MashAttempt,5.00,ALIVE,TRUE,TRUE,0:09:43,0:00:00,,,
2/19/2026 13:45:49,mltzdz6n0rk62p1n3bte,MashAttempt,5.00,ALIVE,TRUE,TRUE,0:09:43,0:00:02,,,
2/19/2026 13:45:50,mltzdz6n0rk62p1n3bte,MashAttempt,5.00,ALIVE,TRUE,TRUE,0:09:44,0:00:00,,,
2/19/2026 13:45:51,mltzdz6n0rk62p1n3bte,MashAttempt,5.00,ALIVE,TRUE,TRUE,0:09:45,0:00:00,,,
2/19/2026 13:45:51,mltzdz6n0rk62p1n3bte,MashAttempt,5.00,ALIVE,TRUE,TRUE,0:09:45,0:00:00,,,
2/19/2026 13:45:51,mltzdz6n0rk62p1n3bte,MashAttempt,5.00,ALIVE,TRUE,TRUE,0:09:45,0:00:00,,,
2/19/2026 13:45:52,mltzdz6n0rk62p1n3bte,MashAttempt,5.00,ALIVE,TRUE,TRUE,0:09:46,0:00:00,,,
2/19/2026 13:45:52,mltzdz6n0rk62p1n3bte,MashAttempt,5.00,ALIVE,TRUE,TRUE,0:09:46,0:00:00,,,
2/19/2026 13:45:52,mltzdz6n0rk62p1n3bte,MashAttempt,5.00,ALIVE,TRUE,TRUE,0:09:47,0:00:00,,,
2/19/2026 13:45:53,mltzdz6n0rk62p1n3bte,MashAttempt,5.00,ALIVE,TRUE,TRUE,0:09:47,0:00:00,,,
2/19/2026 13:45:53,mltzdz6n0rk62p1n3bte,MashAttempt,5.00,ALIVE,TRUE,TRUE,0:09:47,0:00:00,,,
2/19/2026 13:45:53,mltzdz6n0rk62p1n3bte,MashAttempt,5.00,ALIVE,TRUE,TRUE,0:09:48,0:00:00,,,
2/19/2026 13:45:54,mltzdz6n0rk62p1n3bte,MashAttempt,5.00,ALIVE,TRUE,TRUE,0:09:48,0:00:00,,,
2/19/2026 13:45:54,mltzdz6n0rk62p1n3bte,MashAttempt,5.00,ALIVE,TRUE,TRUE,0:09:48,0:00:00,,,
2/19/2026 13:45:54,mltzdz6n0rk62p1n3bte,MashAttempt,5.00,ALIVE,TRUE,TRUE,0:09:48,0:00:00,,,
2/19/2026 13:45:55,mltzdz6n0rk62p1n3bte,MashAttempt,5.00,ALIVE,TRUE,TRUE,0:09:49,0:00:00,,,
2/19/2026 13:45:55,mltzdz6n0rk62p1n3bte,MashAttempt,5.00,ALIVE,TRUE,TRUE,0:09:49,0:00:00,,,
2/19/2026 13:45:55,mltzdz6n0rk62p1n3bte,MashAttempt,5.00,ALIVE,TRUE,TRUE,0:09:49,0:00:00,,,
2/19/2026 13:45:55,mltzdz6n0rk62p1n3bte,MashAttempt,5.00,ALIVE,TRUE,TRUE,0:09:50,0:00:00,,,
2/19/2026 13:45:56,mltzdz6n0rk62p1n3bte,MashAttempt,5.00,ALIVE,TRUE,TRUE,0:09:50,0:00:00,,,
2/19/2026 13:45:56,mltzdz6n0rk62p1n3bte,MashAttempt,5.00,ALIVE,TRUE,TRUE,0:09:50,0:00:04,,,
2/19/2026 13:45:59,mltzpj39r4xs03p5wgn,Intro Passage,5.00,ALIVE,FALSE,FALSE,0:00:20,0:00:05,,,
2/19/2026 13:46:00,mltzdz6n0rk62p1n3bte,Death,5.00,ALIVE,TRUE,TRUE,0:09:54,-1105741:46:00,,,
2/19/2026 13:46:04,mltzpj39r4xs03p5wgn,Perimeter,5.00,ALIVE,FALSE,FALSE,0:00:25,0:00:03,,,
2/19/2026 13:46:07,mltzpj39r4xs03p5wgn,Rabid Dog Attack,5.00,ALIVE,FALSE,FALSE,0:00:28,-1105741:46:07,,,
2/19/2026 13:46:44,mltzqwztb9pif9mnmsk,Story Init Passage,5.00,ALIVE,FALSE,FALSE,0:00:00,0:01:36,,,
2/19/2026 13:47:34,mltzrx720cboptzv8d4q,Story Init Passage,5.00,ALIVE,FALSE,FALSE,0:00:00,0:00:10,,,
2/19/2026 13:47:44,mltzrx720cboptzv8d4q,Intro Passage,5.00,ALIVE,FALSE,FALSE,0:00:10,0:00:06,,,
2/19/2026 13:47:50,mltzrx720cboptzv8d4q,Perimeter,5.00,ALIVE,FALSE,FALSE,0:00:16,0:00:05,,,
2/19/2026 13:47:54,mltzrx720cboptzv8d4q,Rabid Dog Attack,5.00,ALIVE,FALSE,FALSE,0:00:21,-1105741:47:54,,,
2/19/2026 13:48:15,mltzsx1v87sjp1tk6vj,Rabid Dog Attack,5.00,ALIVE,FALSE,FALSE,0:00:00,-1105741:48:15,,,
2/19/2026 13:48:20,mltzqwztb9pif9mnmsk,Intro Passage,5.00,ALIVE,FALSE,FALSE,0:01:36,-1105741:48:20,,,
2/19/2026 13:49:02,mltztvpwka38fhp46ba,Story Init Passage,5.00,ALIVE,FALSE,FALSE,0:00:00,0:00:14,,,
2/19/2026 13:49:16,mltztvpwka38fhp46ba,Intro Passage,5.00,ALIVE,FALSE,FALSE,0:00:14,0:00:07,,,
2/19/2026 13:49:23,mltztvpwka38fhp46ba,Perimeter,5.00,ALIVE,FALSE,FALSE,0:00:21,0:00:03,,,
2/19/2026 13:49:26,mltztvpwka38fhp46ba,Rabid Dog Attack,5.00,ALIVE,FALSE,FALSE,0:00:24,0:00:12,,,
2/19/2026 13:49:37,mltztvpwka38fhp46ba,Death,5.00,ALIVE,FALSE,FALSE,0:00:36,0:00:11,,,
2/19/2026 13:49:49,mltztvpwka38fhp46ba,Intro Passage,5.00,ALIVE,FALSE,FALSE,0:00:47,0:00:06,,,
2/19/2026 13:49:54,mltztvpwka38fhp46ba,Main Hall,5.00,ALIVE,FALSE,FALSE,0:00:52,0:00:07,,,
2/19/2026 13:50:01,mltztvpwka38fhp46ba,East Hall,5.00,ALIVE,FALSE,FALSE,0:00:59,0:00:05,,,
2/19/2026 13:50:06,mltztvpwka38fhp46ba,Office,5.00,ALIVE,FALSE,FALSE,0:01:04,0:00:03,,,
2/19/2026 13:50:09,mltztvpwka38fhp46ba,Office desk,5.00,ALIVE,FALSE,FALSE,0:01:07,0:00:01,,,
2/19/2026 13:50:09,mltztvpwka38fhp46ba,Office,5.00,ALIVE,FALSE,FALSE,0:01:07,0:00:07,,,
2/19/2026 13:50:16,mltztvpwka38fhp46ba,Office,5.00,ALIVE,FALSE,FALSE,0:01:14,0:00:00,,,
2/19/2026 13:50:17,mltztvpwka38fhp46ba,Bookshelf,5.00,ALIVE,FALSE,FALSE,0:01:15,0:00:06,,,
2/19/2026 13:50:22,mltztvpwka38fhp46ba,Fireplace,3.00,ALIVE,FALSE,FALSE,0:01:20,0:00:04,,,
2/19/2026 13:50:26,mltztvpwka38fhp46ba,Office,3.00,ALIVE,FALSE,FALSE,0:01:24,0:00:07,,,
2/19/2026 13:50:34,mltztvpwka38fhp46ba,Office desk,3.00,ALIVE,FALSE,FALSE,0:01:32,0:00:01,,,
2/19/2026 13:50:34,mltztvpwka38fhp46ba,Office,3.00,ALIVE,FALSE,FALSE,0:01:32,0:00:05,,,
2/19/2026 13:50:40,mltztvpwka38fhp46ba,Storage Room,3.00,ALIVE,FALSE,FALSE,0:01:38,0:00:00,,,
2/19/2026 13:50:40,mltztvpwka38fhp46ba,East Hall,3.00,ALIVE,FALSE,FALSE,0:01:38,0:00:01,,,
2/19/2026 13:50:41,mltztvpwka38fhp46ba,Cabinet,3.00,ALIVE,FALSE,FALSE,0:01:39,0:00:03,,,
2/19/2026 13:50:44,mltztvpwka38fhp46ba,Storage Room,3.00,ALIVE,FALSE,FALSE,0:01:42,0:00:05,,,
2/19/2026 13:50:49,mltztvpwka38fhp46ba,Papers,3.00,ALIVE,FALSE,FALSE,0:01:47,0:00:03,,,
2/19/2026 13:50:52,mltztvpwka38fhp46ba,Storage Room,3.00,ALIVE,FALSE,FALSE,0:01:50,0:00:02,,,
2/19/2026 13:50:55,mltztvpwka38fhp46ba,East Hall,3.00,ALIVE,FALSE,FALSE,0:01:53,0:00:02,,,
2/19/2026 13:50:57,mltztvpwka38fhp46ba,Main Hall,3.00,ALIVE,FALSE,FALSE,0:01:55,0:00:09,,,
2/19/2026 13:51:06,mltztvpwka38fhp46ba,Upstairs Hall,3.00,ALIVE,FALSE,FALSE,0:02:04,0:00:04,,,
2/19/2026 13:51:10,mltztvpwka38fhp46ba,Bathroom,3.00,ALIVE,FALSE,FALSE,0:02:08,0:00:05,,,
2/19/2026 13:51:15,mltztvpwka38fhp46ba,Shower,1.00,ALIVE,FALSE,FALSE,0:02:13,0:00:03,,,
2/19/2026 13:51:18,mltztvpwka38fhp46ba,Bathroom,1.00,ALIVE,FALSE,FALSE,0:02:16,0:00:06,,,
2/19/2026 13:51:24,mltztvpwka38fhp46ba,Mirror,-1.00,DEAD,FALSE,FALSE,0:02:22,-1105741:51:24,,,
2/19/2026 13:51:39,mltzx7sqru751u7mhr,Story Init Passage,5.00,ALIVE,FALSE,FALSE,0:00:00,-1105741:51:39,,,
2/19/2026 14:09:49,mlu0kk6w9l839k7sx1f,Story Init Passage,5.00,ALIVE,FALSE,FALSE,0:00:00,-1105742:09:49,,,
2/19/2026 14:11:40,mlu0mq8s7z0lslrr1m8,Story Init Passage,5.00,ALIVE,FALSE,FALSE,0:00:00,0:00:11,,,
2/19/2026 14:11:51,mlu0mq8s7z0lslrr1m8,Intro Passage,5.00,ALIVE,FALSE,FALSE,0:00:11,-1105742:11:51,,,
2/19/2026 14:38:40,mltz12rofqht8nlqfg9,Office desk,5.00,ALIVE,FALSE,FALSE,1:11:28,0:00:03,,,
2/19/2026 14:38:43,mltz12rofqht8nlqfg9,Office,5.00,ALIVE,FALSE,FALSE,1:11:31,0:00:05,,,
2/19/2026 14:38:48,mltz12rofqht8nlqfg9,Bookshelf,5.00,ALIVE,FALSE,FALSE,1:11:36,0:00:06,,,
2/19/2026 14:38:53,mltz12rofqht8nlqfg9,Office,5.00,ALIVE,FALSE,FALSE,1:11:42,0:15:25,,,
2/19/2026 14:54:18,mltz12rofqht8nlqfg9,Bookshelf,5.00,ALIVE,FALSE,FALSE,1:27:07,0:00:00,,,
2/19/2026 14:54:18,mltz12rofqht8nlqfg9,Office,5.00,ALIVE,FALSE,FALSE,1:27:07,-1105742:54:18,,,
2/19/2026 15:31:42,mlu3hwgvk40x6r95sr,Story Init Passage,5.00,ALIVE,FALSE,FALSE,0:00:00,0:00:15,,,
2/19/2026 15:31:57,mlu3hwgvk40x6r95sr,Intro Passage,5.00,ALIVE,FALSE,FALSE,0:00:15,0:00:08,,,
2/19/2026 15:32:05,mlu3hwgvk40x6r95sr,Main Hall,5.00,ALIVE,FALSE,FALSE,0:00:23,0:00:06,,,
2/19/2026 15:32:11,mlu3hwgvk40x6r95sr,East Hall,5.00,ALIVE,FALSE,FALSE,0:00:29,-1105743:32:11,,,
2/19/2026 16:35:52,mlu5senw3kx2bw4fx0s,Story Init Passage,5.00,ALIVE,FALSE,FALSE,0:00:00,-1105744:35:52,,,
2/19/2026 16:38:07,mlu5v8iqstj0tb85gci,Story Init Passage,5.00,ALIVE,FALSE,FALSE,0:00:00,0:00:13,,,
2/19/2026 16:38:20,mlu5v8iqstj0tb85gci,Intro Passage,5.00,ALIVE,FALSE,FALSE,0:00:13,0:00:09,,,
2/19/2026 16:38:29,mlu5v8iqstj0tb85gci,Perimeter,5.00,ALIVE,FALSE,FALSE,0:00:22,0:00:08,,,
2/19/2026 16:38:37,mlu5v8iqstj0tb85gci,Main Hall,5.00,ALIVE,FALSE,FALSE,0:00:30,0:00:04,,,
2/19/2026 16:38:41,mlu5v8iqstj0tb85gci,East Hall,5.00,ALIVE,FALSE,FALSE,0:00:34,0:00:07,,,
2/19/2026 16:38:48,mlu5v8iqstj0tb85gci,Office,5.00,ALIVE,FALSE,FALSE,0:00:41,0:00:06,,,
2/19/2026 16:38:54,mlu5v8iqstj0tb85gci,Office desk,5.00,ALIVE,FALSE,FALSE,0:00:47,0:00:03,,,
2/19/2026 16:38:57,mlu5v8iqstj0tb85gci,Office,5.00,ALIVE,FALSE,FALSE,0:00:50,0:00:05,,,
2/19/2026 16:39:01,mlu5v8iqstj0tb85gci,Bookshelf,5.00,ALIVE,FALSE,FALSE,0:00:54,0:00:04,,,
2/19/2026 16:39:06,mlu5v8iqstj0tb85gci,Office,5.00,ALIVE,FALSE,FALSE,0:00:59,0:00:08,,,
2/19/2026 16:39:13,mlu5v8iqstj0tb85gci,Office desk,5.00,ALIVE,FALSE,FALSE,0:01:06,0:00:07,,,
2/19/2026 16:39:20,mlu5v8iqstj0tb85gci,Office,5.00,ALIVE,FALSE,FALSE,0:01:13,0:00:07,,,
2/19/2026 16:39:27,mlu5v8iqstj0tb85gci,Fireplace,3.00,ALIVE,FALSE,FALSE,0:01:20,0:00:04,,,
2/19/2026 16:39:31,mlu5v8iqstj0tb85gci,Office,3.00,ALIVE,FALSE,FALSE,0:01:24,0:00:04,,,
2/19/2026 16:39:35,mlu5v8iqstj0tb85gci,East Hall,3.00,ALIVE,FALSE,FALSE,0:01:28,0:00:08,,,
2/19/2026 16:39:43,mlu5v8iqstj0tb85gci,Storage Room,3.00,ALIVE,FALSE,FALSE,0:01:36,0:00:06,,,
2/19/2026 16:39:49,mlu5v8iqstj0tb85gci,Papers,3.00,ALIVE,FALSE,FALSE,0:01:42,0:00:04,,,
2/19/2026 16:39:53,mlu5v8iqstj0tb85gci,Storage Room,3.00,ALIVE,FALSE,FALSE,0:01:46,0:00:07,,,
2/19/2026 16:40:00,mlu5v8iqstj0tb85gci,Cabinet,3.00,ALIVE,FALSE,FALSE,0:01:53,0:00:09,,,
2/19/2026 16:40:09,mlu5v8iqstj0tb85gci,Storage Room,3.00,ALIVE,FALSE,FALSE,0:02:02,0:00:01,,,
2/19/2026 16:40:10,mlu5v8iqstj0tb85gci,East Hall,3.00,ALIVE,FALSE,FALSE,0:02:03,0:00:02,,,
2/19/2026 16:40:12,mlu5v8iqstj0tb85gci,Main Hall,3.00,ALIVE,FALSE,FALSE,0:02:05,0:00:06,,,
2/19/2026 16:40:17,mlu5v8iqstj0tb85gci,West Hall,3.00,ALIVE,FALSE,FALSE,0:02:10,0:00:02,,,
2/19/2026 16:40:20,mlu5v8iqstj0tb85gci,Main Hall,3.00,ALIVE,FALSE,FALSE,0:02:13,0:00:06,,,
2/19/2026 16:40:26,mlu5v8iqstj0tb85gci,Upstairs Hall,3.00,ALIVE,FALSE,FALSE,0:02:19,0:00:07,,,
2/19/2026 16:40:33,mlu5v8iqstj0tb85gci,Parent Bedroom,3.00,ALIVE,FALSE,FALSE,0:02:26,0:00:06,,,
2/19/2026 16:40:38,mlu5v8iqstj0tb85gci,Drawer,3.00,ALIVE,FALSE,FALSE,0:02:31,0:00:05,,,
2/19/2026 16:40:43,mlu5v8iqstj0tb85gci,Upstairs Hall,3.00,ALIVE,FALSE,FALSE,0:02:36,0:00:07,,,
2/19/2026 16:40:51,mlu5v8iqstj0tb85gci,Teen Bedroom,3.00,ALIVE,FALSE,FALSE,0:02:44,0:00:06,,,
2/19/2026 16:40:56,mlu5v8iqstj0tb85gci,Teen Desk,3.00,ALIVE,FALSE,FALSE,0:02:49,0:00:03,,,
2/19/2026 16:40:59,mlu5v8iqstj0tb85gci,Teen Bedroom,3.00,ALIVE,FALSE,FALSE,0:02:52,0:00:03,,,
2/19/2026 16:41:02,mlu5v8iqstj0tb85gci,Bed,3.00,ALIVE,TRUE,FALSE,0:02:55,0:00:03,,,
2/19/2026 16:41:05,mlu5v8iqstj0tb85gci,Teen Bedroom,3.00,ALIVE,TRUE,FALSE,0:02:58,0:00:04,,,
2/19/2026 16:41:09,mlu5v8iqstj0tb85gci,Upstairs Hall,3.00,ALIVE,TRUE,FALSE,0:03:02,0:00:03,,,
2/19/2026 16:41:12,mlu5v8iqstj0tb85gci,Main Hall,3.00,ALIVE,TRUE,FALSE,0:03:05,0:00:02,,,
2/19/2026 16:41:15,mlu5v8iqstj0tb85gci,West Hall,3.00,ALIVE,TRUE,FALSE,0:03:08,0:00:07,,,
2/19/2026 16:41:22,mlu5v8iqstj0tb85gci,West Hall,3.00,ALIVE,TRUE,FALSE,0:03:15,0:00:03,,,
2/19/2026 16:41:25,mlu5v8iqstj0tb85gci,Kitchen,3.00,ALIVE,TRUE,FALSE,0:03:18,0:00:00,,,
2/19/2026 16:41:25,mlu5v8iqstj0tb85gci,West Hall,3.00,ALIVE,TRUE,FALSE,0:03:18,0:00:06,,,
2/19/2026 16:41:30,mlu5v8iqstj0tb85gci,Boiler Room,3.00,ALIVE,TRUE,FALSE,0:03:23,0:00:10,,,
2/19/2026 16:41:40,mlu5v8iqstj0tb85gci,Boiler Room,3.00,ALIVE,TRUE,FALSE,0:03:33,0:00:01,,,
2/19/2026 16:41:41,mlu5v8iqstj0tb85gci,Exit Door,3.00,ALIVE,TRUE,FALSE,0:03:34,0:00:04,,,
2/19/2026 16:41:45,mlu5v8iqstj0tb85gci,Boiler Room,3.00,ALIVE,TRUE,FALSE,0:03:38,0:00:01,,,
2/19/2026 16:41:46,mlu5v8iqstj0tb85gci,Boiler Space,3.00,ALIVE,TRUE,FALSE,0:03:39,0:00:02,,,
2/19/2026 16:41:48,mlu5v8iqstj0tb85gci,West Hall,3.00,ALIVE,TRUE,FALSE,0:03:41,0:00:11,,,
2/19/2026 16:41:59,mlu5v8iqstj0tb85gci,ChaseRoom,3.00,ALIVE,TRUE,FALSE,0:03:52,0:00:03,,,
2/19/2026 16:42:02,mlu5v8iqstj0tb85gci,MashAttempt,3.00,ALIVE,TRUE,FALSE,0:03:55,0:00:00,,,
2/19/2026 16:42:02,mlu5v8iqstj0tb85gci,MashAttempt,3.00,ALIVE,TRUE,FALSE,0:03:55,0:00:01,,,
2/19/2026 16:42:03,mlu5v8iqstj0tb85gci,MashAttempt,3.00,ALIVE,TRUE,FALSE,0:03:56,0:00:01,,,
2/19/2026 16:42:04,mlu5v8iqstj0tb85gci,MashAttempt,3.00,ALIVE,TRUE,FALSE,0:03:57,0:00:00,,,
2/19/2026 16:42:05,mlu5v8iqstj0tb85gci,MashAttempt,3.00,ALIVE,TRUE,FALSE,0:03:58,0:00:01,,,
2/19/2026 16:42:05,mlu5v8iqstj0tb85gci,MashAttempt,3.00,ALIVE,TRUE,FALSE,0:03:58,0:00:01,,,
2/19/2026 16:42:07,mlu5v8iqstj0tb85gci,MashAttempt,3.00,ALIVE,TRUE,FALSE,0:04:00,0:00:01,,,
2/19/2026 16:42:07,mlu5v8iqstj0tb85gci,MashAttempt,3.00,ALIVE,TRUE,FALSE,0:04:00,0:00:00,,,
2/19/2026 16:42:08,mlu5v8iqstj0tb85gci,MashAttempt,3.00,ALIVE,TRUE,FALSE,0:04:01,0:00:00,,,
2/19/2026 16:42:08,mlu5v8iqstj0tb85gci,MashAttempt,3.00,ALIVE,TRUE,FALSE,0:04:01,0:00:00,,,
2/19/2026 16:42:08,mlu5v8iqstj0tb85gci,MashAttempt,3.00,ALIVE,TRUE,FALSE,0:04:01,0:00:00,,,
2/19/2026 16:42:09,mlu5v8iqstj0tb85gci,MashAttempt,3.00,ALIVE,TRUE,FALSE,0:04:02,0:00:01,,,
2/19/2026 16:42:09,mlu5v8iqstj0tb85gci,MashAttempt,3.00,ALIVE,TRUE,FALSE,0:04:02,0:00:00,,,
2/19/2026 16:42:10,mlu5v8iqstj0tb85gci,MashAttempt,3.00,ALIVE,TRUE,FALSE,0:04:03,0:00:00,,,
2/19/2026 16:42:10,mlu5v8iqstj0tb85gci,MashAttempt,3.00,ALIVE,TRUE,FALSE,0:04:03,0:00:00,,,
2/19/2026 16:42:10,mlu5v8iqstj0tb85gci,MashAttempt,3.00,ALIVE,TRUE,FALSE,0:04:03,0:00:00,,,
2/19/2026 16:42:10,mlu5v8iqstj0tb85gci,MashAttempt,3.00,ALIVE,TRUE,FALSE,0:04:03,0:00:00,,,
2/19/2026 16:42:11,mlu5v8iqstj0tb85gci,MashAttempt,3.00,ALIVE,TRUE,FALSE,0:04:04,0:00:00,,,
2/19/2026 16:42:11,mlu5v8iqstj0tb85gci,MashAttempt,3.00,ALIVE,TRUE,FALSE,0:04:04,0:00:00,,,
2/19/2026 16:42:11,mlu5v8iqstj0tb85gci,MashAttempt,3.00,ALIVE,TRUE,FALSE,0:04:04,0:00:00,,,
2/19/2026 16:42:12,mlu5v8iqstj0tb85gci,MashAttempt,3.00,ALIVE,TRUE,FALSE,0:04:05,-1105744:42:12,,,
2/19/2026 18:01:03,mlu8txgfj4i36ynhb7,Story Init Passage,5.00,ALIVE,FALSE,FALSE,0:00:00,0:00:12,,,
2/19/2026 18:01:15,mlu8txgfj4i36ynhb7,Intro Passage,5.00,ALIVE,FALSE,FALSE,0:00:12,0:00:08,,,
2/19/2026 18:01:23,mlu8txgfj4i36ynhb7,Perimeter,5.00,ALIVE,FALSE,FALSE,0:00:21,0:00:05,,,
2/19/2026 18:01:28,mlu8txgfj4i36ynhb7,Rabid Dog Attack,5.00,ALIVE,FALSE,FALSE,0:00:25,0:00:20,,,
2/19/2026 18:01:48,mlu8txgfj4i36ynhb7,Main Hall,5.00,ALIVE,FALSE,FALSE,0:00:45,0:00:08,,,
2/19/2026 18:01:56,mlu8txgfj4i36ynhb7,Upstairs Hall,5.00,ALIVE,FALSE,FALSE,0:00:53,0:00:07,,,
2/19/2026 18:02:04,mlu8txgfj4i36ynhb7,Parent Bedroom,5.00,ALIVE,FALSE,FALSE,0:01:01,0:00:08,,,
2/19/2026 18:02:12,mlu8txgfj4i36ynhb7,Drawer,5.00,ALIVE,FALSE,FALSE,0:01:09,0:00:04,,,
2/19/2026 18:02:16,mlu8txgfj4i36ynhb7,Upstairs Hall,5.00,ALIVE,FALSE,FALSE,0:01:13,0:00:04,,,
2/19/2026 18:02:20,mlu8txgfj4i36ynhb7,Teen Bedroom,5.00,ALIVE,FALSE,FALSE,0:01:17,0:00:04,,,
2/19/2026 18:02:25,mlu8txgfj4i36ynhb7,Bed,5.00,ALIVE,TRUE,FALSE,0:01:22,0:00:07,,,
2/19/2026 18:02:32,mlu8txgfj4i36ynhb7,Teen Bedroom,5.00,ALIVE,TRUE,FALSE,0:01:29,0:00:08,,,
2/19/2026 18:02:40,mlu8txgfj4i36ynhb7,Teen Desk,5.00,ALIVE,TRUE,FALSE,0:01:38,0:00:05,,,
2/19/2026 18:02:46,mlu8txgfj4i36ynhb7,Teen Bedroom,5.00,ALIVE,TRUE,FALSE,0:01:43,0:00:02,,,
2/19/2026 18:02:47,mlu8txgfj4i36ynhb7,Upstairs Hall,5.00,ALIVE,TRUE,FALSE,0:01:45,0:00:09,,,
2/19/2026 18:02:56,mlu8txgfj4i36ynhb7,Bathroom,5.00,ALIVE,TRUE,FALSE,0:01:53,0:00:14,,,
2/19/2026 18:03:10,mlu8txgfj4i36ynhb7,Mirror,3.00,ALIVE,TRUE,FALSE,0:02:07,0:00:04,,,
2/19/2026 18:03:14,mlu8txgfj4i36ynhb7,Bathroom,3.00,ALIVE,TRUE,FALSE,0:02:11,0:00:10,,,
2/19/2026 18:03:24,mlu8txgfj4i36ynhb7,Shower,1.00,ALIVE,TRUE,FALSE,0:02:21,0:00:02,,,
2/19/2026 18:03:26,mlu8txgfj4i36ynhb7,Bathroom,1.00,ALIVE,TRUE,FALSE,0:02:23,0:00:05,,,
2/19/2026 18:03:31,mlu8txgfj4i36ynhb7,Upstairs Hall,1.00,ALIVE,TRUE,FALSE,0:02:28,0:00:05,,,
2/19/2026 18:03:36,mlu8txgfj4i36ynhb7,Main Hall,1.00,ALIVE,TRUE,FALSE,0:02:33,0:00:04,,,
2/19/2026 18:03:40,mlu8txgfj4i36ynhb7,East Hall,1.00,ALIVE,TRUE,FALSE,0:02:37,0:00:07,,,
2/19/2026 18:03:47,mlu8txgfj4i36ynhb7,Office,1.00,ALIVE,TRUE,FALSE,0:02:44,0:00:06,,,
2/19/2026 18:03:53,mlu8txgfj4i36ynhb7,Office desk,1.00,ALIVE,TRUE,FALSE,0:02:50,0:00:03,,,
2/19/2026 18:03:55,mlu8txgfj4i36ynhb7,Office,1.00,ALIVE,TRUE,FALSE,0:02:53,0:00:07,,,
2/19/2026 18:04:03,mlu8txgfj4i36ynhb7,Bookshelf,1.00,ALIVE,TRUE,FALSE,0:03:00,0:00:05,,,
2/19/2026 18:04:08,mlu8txgfj4i36ynhb7,Office,1.00,ALIVE,TRUE,FALSE,0:03:05,0:00:11,,,
2/19/2026 18:04:20,mlu8txgfj4i36ynhb7,Office desk,1.00,ALIVE,TRUE,FALSE,0:03:17,0:00:08,,,
2/19/2026 18:04:27,mlu8txgfj4i36ynhb7,Office,1.00,ALIVE,TRUE,FALSE,0:03:24,-1105746:04:27,,,
2/20/2026 0:37:50,mlun05wa712v800brso,Story Init Passage,5.00,ALIVE,FALSE,FALSE,0:00:00,0:00:11,,,
2/20/2026 0:38:00,mlun05wa712v800brso,Intro Passage,5.00,ALIVE,FALSE,FALSE,0:00:11,0:00:08,,,
2/20/2026 0:38:08,mlun05wa712v800brso,Main Hall,5.00,ALIVE,FALSE,FALSE,0:00:18,0:00:03,,,
2/20/2026 0:38:11,mlun05wa712v800brso,Upstairs Hall,5.00,ALIVE,FALSE,FALSE,0:00:21,0:00:06,,,
2/20/2026 0:38:17,mlun05wa712v800brso,Parent Bedroom,5.00,ALIVE,FALSE,FALSE,0:00:27,0:00:09,,,
2/20/2026 0:38:26,mlun05wa712v800brso,Drawer,5.00,ALIVE,FALSE,FALSE,0:00:36,0:00:00,,,
2/20/2026 0:38:26,mlun05wa712v800brso,Upstairs Hall,5.00,ALIVE,FALSE,FALSE,0:00:37,0:00:06,,,
2/20/2026 0:38:33,mlun05wa712v800brso,Teen Bedroom,5.00,ALIVE,FALSE,FALSE,0:00:43,0:00:07,,,
2/20/2026 0:38:40,mlun05wa712v800brso,Bed,5.00,ALIVE,TRUE,FALSE,0:00:50,0:00:04,,,
2/20/2026 0:38:44,mlun05wa712v800brso,Teen Bedroom,5.00,ALIVE,TRUE,FALSE,0:00:54,0:00:10,,,
2/20/2026 0:38:54,mlun05wa712v800brso,Teen Desk,5.00,ALIVE,TRUE,FALSE,0:01:04,0:00:06,,,
2/20/2026 0:39:00,mlun05wa712v800brso,Teen Bedroom,5.00,ALIVE,TRUE,FALSE,0:01:10,0:00:03,,,
2/20/2026 0:39:02,mlun05wa712v800brso,Upstairs Hall,5.00,ALIVE,TRUE,FALSE,0:01:12,0:00:04,,,
2/20/2026 0:39:06,mlun05wa712v800brso,Bathroom,5.00,ALIVE,TRUE,FALSE,0:01:16,0:00:17,,,
2/20/2026 0:39:22,mlun05wa712v800brso,Mirror,3.00,ALIVE,TRUE,FALSE,0:01:33,0:00:05,,,
2/20/2026 0:39:27,mlun05wa712v800brso,Bathroom,3.00,ALIVE,TRUE,FALSE,0:01:38,0:00:10,,,
2/20/2026 0:39:37,mlun05wa712v800brso,Shower,1.00,ALIVE,TRUE,FALSE,0:01:48,0:00:06,,,
2/20/2026 0:39:43,mlun05wa712v800brso,Bathroom,1.00,ALIVE,TRUE,FALSE,0:01:54,0:00:01,,,
2/20/2026 0:39:45,mlun05wa712v800brso,Upstairs Hall,1.00,ALIVE,TRUE,FALSE,0:01:55,0:00:05,,,
2/20/2026 0:39:50,mlun05wa712v800brso,Main Hall,1.00,ALIVE,TRUE,FALSE,0:02:00,0:00:04,,,
2/20/2026 0:39:54,mlun05wa712v800brso,East Hall,1.00,ALIVE,TRUE,FALSE,0:02:04,0:00:07,,,
2/20/2026 0:40:01,mlun05wa712v800brso,Office,1.00,ALIVE,TRUE,FALSE,0:02:11,-1105752:40:01,,,
2/20/2026 8:19:11,mlv3hi9cpacel579bm,Story Init Passage,5.00,ALIVE,FALSE,FALSE,0:00:00,-1105760:19:11,,,
2/20/2026 8:40:55,mlv3e69hambh7la4vwc,Story Init Passage,5.00,ALIVE,FALSE,FALSE,0:00:00,0:00:12,,,
2/20/2026 8:41:07,mlv3e69hambh7la4vwc,Intro Passage,5.00,ALIVE,FALSE,FALSE,0:00:12,0:00:10,,,
2/20/2026 8:41:17,mlv3e69hambh7la4vwc,Perimeter,5.00,ALIVE,FALSE,FALSE,0:00:22,0:00:04,,,
2/20/2026 8:41:20,mlv3e69hambh7la4vwc,Rabid Dog Attack,5.00,ALIVE,FALSE,FALSE,0:00:25,0:00:09,,,
2/20/2026 8:41:29,mlv3e69hambh7la4vwc,Main Hall,5.00,ALIVE,FALSE,FALSE,0:00:34,0:00:03,,,
2/20/2026 8:41:32,mlv3e69hambh7la4vwc,East Hall,5.00,ALIVE,FALSE,FALSE,0:00:37,0:00:07,,,
2/20/2026 8:41:39,mlv3e69hambh7la4vwc,Storage Room,5.00,ALIVE,FALSE,FALSE,0:00:44,0:00:03,,,
2/20/2026 8:41:42,mlv3e69hambh7la4vwc,Cabinet,5.00,ALIVE,FALSE,FALSE,0:00:47,0:00:04,,,
2/20/2026 8:41:46,mlv3e69hambh7la4vwc,Storage Room,5.00,ALIVE,FALSE,FALSE,0:00:51,0:00:11,,,
2/20/2026 8:41:57,mlv3e69hambh7la4vwc,Papers,5.00,ALIVE,FALSE,FALSE,0:01:02,0:00:06,,,
2/20/2026 8:42:03,mlv3e69hambh7la4vwc,Storage Room,5.00,ALIVE,FALSE,FALSE,0:01:08,0:00:03,,,
2/20/2026 8:42:06,mlv3e69hambh7la4vwc,East Hall,5.00,ALIVE,FALSE,FALSE,0:01:11,0:00:08,,,
2/20/2026 8:42:14,mlv3e69hambh7la4vwc,Office,5.00,ALIVE,FALSE,FALSE,0:01:19,0:00:07,,,
2/20/2026 8:42:20,mlv3e69hambh7la4vwc,Office desk,5.00,ALIVE,FALSE,FALSE,0:01:25,0:00:04,,,
2/20/2026 8:42:24,mlv3e69hambh7la4vwc,Office,5.00,ALIVE,FALSE,FALSE,0:01:29,0:00:04,,,
2/20/2026 8:42:28,mlv3e69hambh7la4vwc,Bookshelf,5.00,ALIVE,FALSE,FALSE,0:01:33,0:00:05,,,
2/20/2026 8:42:34,mlv3e69hambh7la4vwc,Office,5.00,ALIVE,FALSE,FALSE,0:01:39,0:00:12,,,
2/20/2026 8:42:46,mlv3e69hambh7la4vwc,Office desk,5.00,ALIVE,FALSE,FALSE,0:01:51,0:00:05,,,
2/20/2026 8:42:51,mlv3e69hambh7la4vwc,Office,5.00,ALIVE,FALSE,FALSE,0:01:56,0:00:08,,,
2/20/2026 8:42:59,mlv3e69hambh7la4vwc,Fireplace,3.00,ALIVE,FALSE,FALSE,0:02:04,0:00:06,,,
2/20/2026 8:43:05,mlv3e69hambh7la4vwc,Office,3.00,ALIVE,FALSE,FALSE,0:02:10,0:00:04,,,
2/20/2026 8:43:09,mlv3e69hambh7la4vwc,East Hall,3.00,ALIVE,FALSE,FALSE,0:02:14,0:00:02,,,
2/20/2026 8:43:11,mlv3e69hambh7la4vwc,Main Hall,3.00,ALIVE,FALSE,FALSE,0:02:16,0:00:03,,,
2/20/2026 8:43:14,mlv3e69hambh7la4vwc,West Hall,3.00,ALIVE,FALSE,FALSE,0:02:19,0:00:03,,,
2/20/2026 8:43:18,mlv3e69hambh7la4vwc,Main Hall,3.00,ALIVE,FALSE,FALSE,0:02:23,0:00:04,,,
2/20/2026 8:43:22,mlv3e69hambh7la4vwc,Upstairs Hall,3.00,ALIVE,FALSE,FALSE,0:02:27,0:00:06,,,
2/20/2026 8:43:28,mlv3e69hambh7la4vwc,Bathroom,3.00,ALIVE,FALSE,FALSE,0:02:33,0:00:10,,,
2/20/2026 8:43:38,mlv3e69hambh7la4vwc,Mirror,1.00,ALIVE,FALSE,FALSE,0:02:43,0:00:06,,,
2/20/2026 8:43:44,mlv3e69hambh7la4vwc,Bathroom,1.00,ALIVE,FALSE,FALSE,0:02:49,0:00:04,,,
2/20/2026 8:43:48,mlv3e69hambh7la4vwc,Shower,-1.00,DEAD,FALSE,FALSE,0:02:53,-1105760:43:48,,,
2/20/2026 10:08:35,mlv7e4nt549vwolsggk,Story Init Passage,5.00,ALIVE,FALSE,FALSE,0:00:00,0:00:18,,,
2/20/2026 10:08:53,mlv7e4nt549vwolsggk,Intro Passage,5.00,ALIVE,FALSE,FALSE,0:00:18,0:00:08,,,
2/20/2026 10:09:01,mlv7e4nt549vwolsggk,Perimeter,5.00,ALIVE,FALSE,FALSE,0:00:26,0:00:03,,,
2/20/2026 10:09:04,mlv7e4nt549vwolsggk,Rabid Dog Attack,5.00,ALIVE,FALSE,FALSE,0:00:29,0:00:13,,,
2/20/2026 10:09:17,mlv7e4nt549vwolsggk,Main Hall,5.00,ALIVE,FALSE,FALSE,0:00:42,0:00:12,,,
2/20/2026 10:09:28,mlv7e4nt549vwolsggk,Upstairs Hall,5.00,ALIVE,FALSE,FALSE,0:00:54,0:00:05,,,
2/20/2026 10:09:33,mlv7e4nt549vwolsggk,Teen Bedroom,5.00,ALIVE,FALSE,FALSE,0:00:59,0:00:03,,,
2/20/2026 10:09:37,mlv7e4nt549vwolsggk,Bed,5.00,ALIVE,TRUE,FALSE,0:01:02,0:00:03,,,
2/20/2026 10:09:40,mlv7e4nt549vwolsggk,Teen Bedroom,5.00,ALIVE,TRUE,FALSE,0:01:06,0:00:07,,,
2/20/2026 10:09:47,mlv7e4nt549vwolsggk,Teen Desk,5.00,ALIVE,TRUE,FALSE,0:01:13,0:00:03,,,
2/20/2026 10:09:51,mlv7e4nt549vwolsggk,Teen Bedroom,5.00,ALIVE,TRUE,FALSE,0:01:16,0:00:02,,,
2/20/2026 10:09:53,mlv7e4nt549vwolsggk,Upstairs Hall,5.00,ALIVE,TRUE,FALSE,0:01:18,0:03:10,,,
2/20/2026 10:13:03,mlv7e4nt549vwolsggk,Parent Bedroom,5.00,ALIVE,TRUE,FALSE,0:04:28,0:00:04,,,
2/20/2026 10:13:07,mlv7e4nt549vwolsggk,Drawer,5.00,ALIVE,TRUE,FALSE,0:04:32,0:00:02,,,
2/20/2026 10:13:09,mlv7e4nt549vwolsggk,Upstairs Hall,5.00,ALIVE,TRUE,FALSE,0:04:34,0:00:10,,,
2/20/2026 10:13:19,mlv7e4nt549vwolsggk,Bathroom,5.00,ALIVE,TRUE,FALSE,0:04:44,0:00:07,,,
2/20/2026 10:13:26,mlv7e4nt549vwolsggk,Shower,3.00,ALIVE,TRUE,FALSE,0:04:51,0:00:07,,,
2/20/2026 10:13:33,mlv7e4nt549vwolsggk,Bathroom,3.00,ALIVE,TRUE,FALSE,0:04:58,0:00:12,,,
2/20/2026 10:13:45,mlv7e4nt549vwolsggk,Mirror,1.00,ALIVE,TRUE,FALSE,0:05:10,0:00:04,,,
2/20/2026 10:13:49,mlv7e4nt549vwolsggk,Bathroom,1.00,ALIVE,TRUE,FALSE,0:05:14,0:00:04,,,
2/20/2026 10:13:53,mlv7e4nt549vwolsggk,Upstairs Hall,1.00,ALIVE,TRUE,FALSE,0:05:18,0:00:05,,,
2/20/2026 10:13:58,mlv7e4nt549vwolsggk,Main Hall,1.00,ALIVE,TRUE,FALSE,0:05:23,0:00:06,,,
2/20/2026 10:14:04,mlv7e4nt549vwolsggk,East Hall,1.00,ALIVE,TRUE,FALSE,0:05:29,0:00:05,,,
2/20/2026 10:14:09,mlv7e4nt549vwolsggk,Office,1.00,ALIVE,TRUE,FALSE,0:05:34,0:00:04,,,
2/20/2026 10:14:14,mlv7e4nt549vwolsggk,Fireplace,-1.00,DEAD,TRUE,FALSE,0:05:39,0:00:08,,,
2/20/2026 10:14:22,mlv7e4nt549vwolsggk,Death,-1.00,DEAD,TRUE,FALSE,0:05:47,0:00:11,,,
2/20/2026 10:14:33,mlv7e4nt549vwolsggk,Intro Passage,5.00,ALIVE,FALSE,FALSE,0:05:59,0:00:08,,,
2/20/2026 10:14:42,mlv7e4nt549vwolsggk,Main Hall,5.00,ALIVE,FALSE,FALSE,0:06:07,0:00:06,,,
2/20/2026 10:14:47,mlv7e4nt549vwolsggk,East Hall,5.00,ALIVE,FALSE,FALSE,0:06:13,0:00:07,,,
2/20/2026 10:14:54,mlv7e4nt549vwolsggk,Storage Room,5.00,ALIVE,FALSE,FALSE,0:06:19,0:00:13,,,
2/20/2026 10:15:07,mlv7e4nt549vwolsggk,Papers,5.00,ALIVE,FALSE,FALSE,0:06:32,0:00:09,,,
2/20/2026 10:15:16,mlv7e4nt549vwolsggk,Storage Room,5.00,ALIVE,FALSE,FALSE,0:06:41,0:00:02,,,
2/20/2026 10:15:17,mlv7e4nt549vwolsggk,Cabinet,5.00,ALIVE,FALSE,FALSE,0:06:43,0:00:05,,,
2/20/2026 10:15:23,mlv7e4nt549vwolsggk,Storage Room,5.00,ALIVE,FALSE,FALSE,0:06:48,0:00:01,,,
2/20/2026 10:15:24,mlv7e4nt549vwolsggk,East Hall,5.00,ALIVE,FALSE,FALSE,0:06:49,0:00:06,,,
2/20/2026 10:15:30,mlv7e4nt549vwolsggk,Office,5.00,ALIVE,FALSE,FALSE,0:06:55,0:00:07,,,
2/20/2026 10:15:36,mlv7e4nt549vwolsggk,Bookshelf,5.00,ALIVE,FALSE,FALSE,0:07:02,0:00:04,,,
2/20/2026 10:15:41,mlv7e4nt549vwolsggk,Office,5.00,ALIVE,FALSE,FALSE,0:07:06,0:00:15,,,
2/20/2026 10:15:55,mlv7e4nt549vwolsggk,Office desk,5.00,ALIVE,FALSE,FALSE,0:07:21,0:00:03,,,
2/20/2026 10:15:58,mlv7e4nt549vwolsggk,Office,5.00,ALIVE,FALSE,FALSE,0:07:24,0:00:03,,,
2/20/2026 10:16:02,mlv7e4nt549vwolsggk,East Hall,5.00,ALIVE,FALSE,FALSE,0:07:27,0:00:08,,,
2/20/2026 10:16:10,mlv7e4nt549vwolsggk,Main Hall,5.00,ALIVE,FALSE,FALSE,0:07:35,0:00:06,,,
2/20/2026 10:16:15,mlv7e4nt549vwolsggk,Upstairs Hall,5.00,ALIVE,FALSE,FALSE,0:07:41,0:00:07,,,
2/20/2026 10:16:22,mlv7e4nt549vwolsggk,Parent Bedroom,5.00,ALIVE,FALSE,FALSE,0:07:47,0:00:05,,,
2/20/2026 10:16:27,mlv7e4nt549vwolsggk,Drawer,5.00,ALIVE,FALSE,FALSE,0:07:52,0:00:08,,,
2/20/2026 10:16:35,mlv7e4nt549vwolsggk,Upstairs Hall,5.00,ALIVE,FALSE,FALSE,0:08:00,0:00:02,,,
2/20/2026 10:16:37,mlv7e4nt549vwolsggk,Teen Bedroom,5.00,ALIVE,FALSE,FALSE,0:08:02,0:00:05,,,
2/20/2026 10:16:42,mlv7e4nt549vwolsggk,Bed,5.00,ALIVE,TRUE,FALSE,0:08:07,0:00:03,,,
2/20/2026 10:16:45,mlv7e4nt549vwolsggk,Teen Bedroom,5.00,ALIVE,TRUE,FALSE,0:08:10,0:00:06,,,
2/20/2026 10:16:51,mlv7e4nt549vwolsggk,Teen Desk,5.00,ALIVE,TRUE,FALSE,0:08:16,0:00:04,,,
2/20/2026 10:16:55,mlv7e4nt549vwolsggk,Teen Bedroom,5.00,ALIVE,TRUE,FALSE,0:08:20,0:00:07,,,
2/20/2026 10:17:01,mlv7e4nt549vwolsggk,Upstairs Hall,5.00,ALIVE,TRUE,FALSE,0:08:27,0:00:03,,,
2/20/2026 10:17:05,mlv7e4nt549vwolsggk,Main Hall,5.00,ALIVE,TRUE,FALSE,0:08:30,0:00:06,,,
2/20/2026 10:17:10,mlv7e4nt549vwolsggk,West Hall,5.00,ALIVE,TRUE,FALSE,0:08:36,0:00:07,,,
2/20/2026 10:17:17,mlv7e4nt549vwolsggk,West Hall,5.00,ALIVE,TRUE,FALSE,0:08:42,0:00:06,,,
2/20/2026 10:17:23,mlv7e4nt549vwolsggk,Boiler Room,5.00,ALIVE,TRUE,FALSE,0:08:49,0:00:07,,,
2/20/2026 10:17:31,mlv7e4nt549vwolsggk,Boiler Space,5.00,ALIVE,TRUE,FALSE,0:08:56,0:00:04,,,
2/20/2026 10:17:35,mlv7e4nt549vwolsggk,Endless Path,5.00,ALIVE,TRUE,FALSE,0:09:00,0:00:03,,,
2/20/2026 10:17:38,mlv7e4nt549vwolsggk,Endless Path,5.00,ALIVE,TRUE,FALSE,0:09:03,0:00:04,,,
2/20/2026 10:17:42,mlv7e4nt549vwolsggk,Endless Path,5.00,ALIVE,TRUE,FALSE,0:09:07,0:00:02,,,
2/20/2026 10:17:44,mlv7e4nt549vwolsggk,Endless Path,5.00,ALIVE,TRUE,FALSE,0:09:09,0:00:07,,,
2/20/2026 10:17:51,mlv7e4nt549vwolsggk,Endless Path,5.00,ALIVE,TRUE,FALSE,0:09:16,0:00:01,,,
2/20/2026 10:17:52,mlv7e4nt549vwolsggk,Endless Path,5.00,ALIVE,TRUE,FALSE,0:09:17,0:00:05,,,
2/20/2026 10:17:57,mlv7e4nt549vwolsggk,Endless Path,5.00,ALIVE,TRUE,FALSE,0:09:22,0:00:01,,,
2/20/2026 10:17:58,mlv7e4nt549vwolsggk,Endless Path,5.00,ALIVE,TRUE,FALSE,0:09:23,0:00:04,,,
2/20/2026 10:18:02,mlv7e4nt549vwolsggk,Endless Path,5.00,ALIVE,TRUE,FALSE,0:09:27,0:00:05,,,
2/20/2026 10:18:07,mlv7e4nt549vwolsggk,Endless Path,5.00,ALIVE,TRUE,FALSE,0:09:32,0:00:03,,,
2/20/2026 10:18:10,mlv7e4nt549vwolsggk,Endless Path,5.00,ALIVE,TRUE,FALSE,0:09:35,0:00:02,,,
2/20/2026 10:18:12,mlv7e4nt549vwolsggk,Endless Path,5.00,ALIVE,TRUE,FALSE,0:09:38,0:00:04,,,
2/20/2026 10:18:16,mlv7e4nt549vwolsggk,Endless Path,5.00,ALIVE,TRUE,FALSE,0:09:41,0:00:03,,,
2/20/2026 10:18:20,mlv7e4nt549vwolsggk,Endless Path,5.00,ALIVE,TRUE,FALSE,0:09:45,0:00:06,,,
2/20/2026 10:18:26,mlv7e4nt549vwolsggk,Endless Path,5.00,ALIVE,TRUE,FALSE,0:09:51,0:00:00,,,
2/20/2026 10:18:26,mlv7e4nt549vwolsggk,Endless Path,5.00,ALIVE,TRUE,FALSE,0:09:51,0:00:05,,,
2/20/2026 10:18:31,mlv7e4nt549vwolsggk,Endless Path,5.00,ALIVE,TRUE,FALSE,0:09:56,0:00:04,,,
2/20/2026 10:18:35,mlv7e4nt549vwolsggk,Endless Path,5.00,ALIVE,TRUE,FALSE,0:10:00,0:00:04,,,
2/20/2026 10:18:38,mlv7e4nt549vwolsggk,Endless Path,5.00,ALIVE,TRUE,FALSE,0:10:04,0:00:02,,,
2/20/2026 10:18:40,mlv7e4nt549vwolsggk,Endless Path,5.00,ALIVE,TRUE,FALSE,0:10:05,0:00:04,,,
2/20/2026 10:18:44,mlv7e4nt549vwolsggk,Endless Path,5.00,ALIVE,TRUE,FALSE,0:10:10,0:00:07,,,
2/20/2026 10:18:51,mlv7e4nt549vwolsggk,Endless Path,5.00,ALIVE,TRUE,FALSE,0:10:16,0:00:01,,,
2/20/2026 10:18:53,mlv7e4nt549vwolsggk,Endless Path,5.00,ALIVE,TRUE,FALSE,0:10:18,0:00:02,,,
2/20/2026 10:18:54,mlv7e4nt549vwolsggk,Endless Path,5.00,ALIVE,TRUE,FALSE,0:10:19,0:00:05,,,
2/20/2026 10:18:59,mlv7e4nt549vwolsggk,Endless Path,5.00,ALIVE,TRUE,FALSE,0:10:24,0:00:08,,,
2/20/2026 10:19:07,mlv7e4nt549vwolsggk,Endless Path,5.00,ALIVE,TRUE,FALSE,0:10:32,0:00:02,,,
2/20/2026 10:19:08,mlv7e4nt549vwolsggk,Endless Path,5.00,ALIVE,TRUE,FALSE,0:10:34,0:00:06,,,
2/20/2026 10:19:14,mlv7e4nt549vwolsggk,Endless Path,5.00,ALIVE,TRUE,FALSE,0:10:39,0:00:04,,,
2/20/2026 10:19:18,mlv7e4nt549vwolsggk,Endless Path,5.00,ALIVE,TRUE,FALSE,0:10:43,0:00:04,,,
2/20/2026 10:19:22,mlv7e4nt549vwolsggk,Endless Path,5.00,ALIVE,TRUE,FALSE,0:10:47,0:00:04,,,
2/20/2026 10:19:26,mlv7e4nt549vwolsggk,Endless Path,5.00,ALIVE,TRUE,FALSE,0:10:51,0:00:04,,,
2/20/2026 10:19:30,mlv7e4nt549vwolsggk,Endless Path,5.00,ALIVE,TRUE,FALSE,0:10:55,0:00:06,,,
2/20/2026 10:19:36,mlv7e4nt549vwolsggk,Endless Path,5.00,ALIVE,TRUE,FALSE,0:11:01,0:00:04,,,
2/20/2026 10:19:40,mlv7e4nt549vwolsggk,Endless Path,5.00,ALIVE,TRUE,FALSE,0:11:05,0:07:47,,,
2/20/2026 10:27:27,mlv7e4nt549vwolsggk,Endless Path,5.00,ALIVE,TRUE,FALSE,0:18:52,0:00:13,,,
2/20/2026 10:27:40,mlv7e4nt549vwolsggk,Death,5.00,ALIVE,TRUE,FALSE,0:19:05,0:00:12,,,
2/20/2026 10:27:52,mlv7e4nt549vwolsggk,Intro Passage,5.00,ALIVE,FALSE,FALSE,0:19:17,0:00:05,,,
2/20/2026 10:27:57,mlv7e4nt549vwolsggk,Main Hall,5.00,ALIVE,FALSE,FALSE,0:19:22,0:00:02,,,
2/20/2026 10:27:59,mlv7e4nt549vwolsggk,East Hall,5.00,ALIVE,FALSE,FALSE,0:19:25,0:00:37,,,
2/20/2026 10:28:36,mlv7e4nt549vwolsggk,Office,5.00,ALIVE,FALSE,FALSE,0:20:02,0:00:11,,,
2/20/2026 10:28:47,mlv7e4nt549vwolsggk,Office desk,5.00,ALIVE,FALSE,FALSE,0:20:13,0:00:09,,,
2/20/2026 10:28:56,mlv7e4nt549vwolsggk,Office,5.00,ALIVE,FALSE,FALSE,0:20:21,0:00:04,,,
2/20/2026 10:29:00,mlv7e4nt549vwolsggk,Bookshelf,5.00,ALIVE,FALSE,FALSE,0:20:25,0:00:05,,,
2/20/2026 10:29:05,mlv7e4nt549vwolsggk,Office,5.00,ALIVE,FALSE,FALSE,0:20:30,0:00:04,,,
2/20/2026 10:29:10,mlv7e4nt549vwolsggk,East Hall,5.00,ALIVE,FALSE,FALSE,0:20:35,0:00:02,,,
2/20/2026 10:29:11,mlv7e4nt549vwolsggk,Main Hall,5.00,ALIVE,FALSE,FALSE,0:20:36,0:00:05,,,
2/20/2026 10:29:16,mlv7e4nt549vwolsggk,Upstairs Hall,5.00,ALIVE,FALSE,FALSE,0:20:41,0:00:05,,,
2/20/2026 10:29:20,mlv7e4nt549vwolsggk,Parent Bedroom,5.00,ALIVE,FALSE,FALSE,0:20:46,0:00:05,,,
2/20/2026 10:29:26,mlv7e4nt549vwolsggk,Drawer,5.00,ALIVE,FALSE,FALSE,0:20:51,0:00:07,,,
2/20/2026 10:29:33,mlv7e4nt549vwolsggk,Upstairs Hall,5.00,ALIVE,FALSE,FALSE,0:20:58,0:00:03,,,
2/20/2026 10:29:36,mlv7e4nt549vwolsggk,Teen Bedroom,5.00,ALIVE,FALSE,FALSE,0:21:01,0:00:05,,,
2/20/2026 10:29:40,mlv7e4nt549vwolsggk,Bed,5.00,ALIVE,TRUE,FALSE,0:21:05,0:00:02,,,
2/20/2026 10:29:42,mlv7e4nt549vwolsggk,Teen Bedroom,5.00,ALIVE,TRUE,FALSE,0:21:07,0:00:04,,,
2/20/2026 10:29:46,mlv7e4nt549vwolsggk,Upstairs Hall,5.00,ALIVE,TRUE,FALSE,0:21:11,0:00:02,,,
2/20/2026 10:29:48,mlv7e4nt549vwolsggk,Main Hall,5.00,ALIVE,TRUE,FALSE,0:21:13,0:00:06,,,
2/20/2026 10:29:54,mlv7e4nt549vwolsggk,West Hall,5.00,ALIVE,TRUE,FALSE,0:21:19,0:00:05,,,
2/20/2026 10:29:59,mlv7e4nt549vwolsggk,West Hall,5.00,ALIVE,TRUE,FALSE,0:21:25,0:00:06,,,
2/20/2026 10:30:06,mlv7e4nt549vwolsggk,Boiler Room,5.00,ALIVE,TRUE,FALSE,0:21:31,0:00:10,,,
2/20/2026 10:30:16,mlv7e4nt549vwolsggk,Boiler Space,5.00,ALIVE,TRUE,FALSE,0:21:41,0:00:02,,,
2/20/2026 10:30:18,mlv7e4nt549vwolsggk,Boiler Room,5.00,ALIVE,TRUE,FALSE,0:21:43,0:00:09,,,
2/20/2026 10:30:27,mlv7e4nt549vwolsggk,Exit Door,5.00,ALIVE,TRUE,FALSE,0:21:52,0:00:02,,,
2/20/2026 10:30:29,mlv7e4nt549vwolsggk,Boiler Room,5.00,ALIVE,TRUE,FALSE,0:21:54,0:00:04,,,
2/20/2026 10:30:33,mlv7e4nt549vwolsggk,West Hall,5.00,ALIVE,TRUE,FALSE,0:21:58,0:00:10,,,
2/20/2026 10:30:43,mlv7e4nt549vwolsggk,Kitchen,5.00,ALIVE,TRUE,FALSE,0:22:08,0:00:08,,,
2/20/2026 10:30:51,mlv7e4nt549vwolsggk,West Hall,5.00,ALIVE,TRUE,FALSE,0:22:16,0:00:05,,,
2/20/2026 10:30:56,mlv7e4nt549vwolsggk,ChaseRoom,5.00,ALIVE,TRUE,FALSE,0:22:21,0:00:06,,,
2/20/2026 10:31:02,mlv7e4nt549vwolsggk,MashAttempt,5.00,ALIVE,TRUE,FALSE,0:22:27,0:00:01,,,
2/20/2026 10:31:02,mlv7e4nt549vwolsggk,MashAttempt,5.00,ALIVE,TRUE,FALSE,0:22:27,0:00:04,,,
2/20/2026 10:31:06,mlv7e4nt549vwolsggk,MashAttempt,5.00,ALIVE,TRUE,FALSE,0:22:31,0:00:00,,,
2/20/2026 10:31:06,mlv7e4nt549vwolsggk,MashAttempt,5.00,ALIVE,TRUE,FALSE,0:22:32,0:00:02,,,
2/20/2026 10:31:08,mlv7e4nt549vwolsggk,MashAttempt,5.00,ALIVE,TRUE,FALSE,0:22:34,0:00:03,,,
2/20/2026 10:31:11,mlv7e4nt549vwolsggk,MashAttempt,5.00,ALIVE,TRUE,FALSE,0:22:37,0:00:01,,,
2/20/2026 10:31:12,mlv7e4nt549vwolsggk,MashAttempt,5.00,ALIVE,TRUE,FALSE,0:22:38,0:00:01,,,
2/20/2026 10:31:14,mlv7e4nt549vwolsggk,MashAttempt,5.00,ALIVE,TRUE,FALSE,0:22:39,0:00:02,,,
2/20/2026 10:31:16,mlv7e4nt549vwolsggk,MashAttempt,5.00,ALIVE,TRUE,FALSE,0:22:41,0:00:04,,,
2/20/2026 10:31:20,mlv7e4nt549vwolsggk,MashAttempt,5.00,ALIVE,TRUE,FALSE,0:22:45,0:00:02,,,
2/20/2026 10:31:22,mlv7e4nt549vwolsggk,MashAttempt,5.00,ALIVE,TRUE,FALSE,0:22:47,0:00:03,,,
2/20/2026 10:31:25,mlv7e4nt549vwolsggk,MashAttempt,5.00,ALIVE,TRUE,FALSE,0:22:50,0:00:01,,,
2/20/2026 10:31:26,mlv7e4nt549vwolsggk,MashAttempt,5.00,ALIVE,TRUE,FALSE,0:22:51,0:00:00,,,
2/20/2026 10:31:26,mlv7e4nt549vwolsggk,MashAttempt,5.00,ALIVE,TRUE,FALSE,0:22:51,0:00:03,,,
2/20/2026 10:31:29,mlv7e4nt549vwolsggk,MashAttempt,5.00,ALIVE,TRUE,FALSE,0:22:54,0:00:02,,,
2/20/2026 10:31:31,mlv7e4nt549vwolsggk,MashAttempt,5.00,ALIVE,TRUE,FALSE,0:22:57,0:00:10,,,
2/20/2026 10:31:41,mlv7e4nt549vwolsggk,Death,5.00,ALIVE,TRUE,TRUE,0:23:07,0:00:08,,,
2/20/2026 10:31:49,mlv7e4nt549vwolsggk,Main Hall,5.00,ALIVE,TRUE,TRUE,0:23:15,0:00:04,,,
2/20/2026 10:31:53,mlv7e4nt549vwolsggk,West Hall,5.00,ALIVE,TRUE,TRUE,0:23:19,0:00:03,,,
2/20/2026 10:31:57,mlv7e4nt549vwolsggk,Main Hall,5.00,ALIVE,TRUE,TRUE,0:23:22,0:00:02,,,
2/20/2026 10:31:59,mlv7e4nt549vwolsggk,Upstairs Hall,5.00,ALIVE,TRUE,TRUE,0:23:24,0:00:12,,,
2/20/2026 10:32:11,mlv7e4nt549vwolsggk,Bathroom,5.00,ALIVE,TRUE,TRUE,0:23:36,0:00:04,,,
2/20/2026 10:32:15,mlv7e4nt549vwolsggk,Shower,3.00,ALIVE,TRUE,TRUE,0:23:40,0:00:04,,,
2/20/2026 10:32:19,mlv7e4nt549vwolsggk,Bathroom,3.00,ALIVE,TRUE,TRUE,0:23:44,0:00:04,,,
2/20/2026 10:32:23,mlv7e4nt549vwolsggk,Upstairs Hall,3.00,ALIVE,TRUE,TRUE,0:23:48,0:00:05,,,
2/20/2026 10:32:28,mlv7e4nt549vwolsggk,Main Hall,3.00,ALIVE,TRUE,TRUE,0:23:53,0:00:03,,,
2/20/2026 10:32:30,mlv7e4nt549vwolsggk,East Hall,3.00,ALIVE,TRUE,TRUE,0:23:56,0:00:04,,,
2/20/2026 10:32:34,mlv7e4nt549vwolsggk,Storage Room,3.00,ALIVE,TRUE,TRUE,0:24:00,0:00:03,,,
2/20/2026 10:32:38,mlv7e4nt549vwolsggk,Cabinet,3.00,ALIVE,TRUE,TRUE,0:24:03,0:00:10,,,
2/20/2026 10:32:48,mlv7e4nt549vwolsggk,East Hall,3.00,ALIVE,TRUE,TRUE,0:24:13,0:00:01,,,
2/20/2026 10:32:49,mlv7e4nt549vwolsggk,Storage Room,3.00,ALIVE,TRUE,TRUE,0:24:14,0:00:06,,,
2/20/2026 10:32:55,mlv7e4nt549vwolsggk,Main Hall,3.00,ALIVE,TRUE,TRUE,0:24:20,0:00:00,,,
2/20/2026 10:32:55,mlv7e4nt549vwolsggk,West Hall,3.00,ALIVE,TRUE,TRUE,0:24:20,0:00:19,,,
2/20/2026 10:33:14,mlv7e4nt549vwolsggk,Boiler Room,3.00,ALIVE,TRUE,TRUE,0:24:39,0:00:03,,,
2/20/2026 10:33:16,mlv7e4nt549vwolsggk,Exit Door,3.00,ALIVE,TRUE,TRUE,0:24:42,0:00:07,,,
2/20/2026 10:33:24,mlv7e4nt549vwolsggk,Freedom,3.00,ALIVE,TRUE,TRUE,0:24:49,0:00:00,,,
2/20/2026 10:33:24,mlv7e4nt549vwolsggk,Story Init Passage,3.00,ALIVE,TRUE,TRUE,0:24:49,0:00:13,,,
2/20/2026 10:33:37,mlv7e4nt549vwolsggk,Intro Passage,5.00,ALIVE,FALSE,FALSE,0:25:02,0:00:05,,,
2/20/2026 10:33:42,mlv7e4nt549vwolsggk,Perimeter,5.00,ALIVE,FALSE,FALSE,0:25:08,0:00:04,,,
2/20/2026 10:33:46,mlv7e4nt549vwolsggk,Rabid Dog Attack,5.00,ALIVE,FALSE,FALSE,0:25:12,-1105762:33:46,,,
2/20/2026 10:37:18,mlv8f197vm1ka226kxa,Story Init Passage,5.00,ALIVE,FALSE,FALSE,0:00:00,0:00:17,,,
2/20/2026 10:37:35,mlv8f197vm1ka226kxa,Intro Passage,5.00,ALIVE,FALSE,FALSE,0:00:17,0:00:14,,,
2/20/2026 10:37:49,mlv8f197vm1ka226kxa,Perimeter,5.00,ALIVE,FALSE,FALSE,0:00:31,0:00:08,,,
2/20/2026 10:37:57,mlv8f197vm1ka226kxa,Main Hall,5.00,ALIVE,FALSE,FALSE,0:00:39,0:00:04,,,
2/20/2026 10:38:01,mlv8f197vm1ka226kxa,Upstairs Hall,5.00,ALIVE,FALSE,FALSE,0:00:42,0:00:08,,,
2/20/2026 10:38:08,mlv8f197vm1ka226kxa,Teen Bedroom,5.00,ALIVE,FALSE,FALSE,0:00:50,0:00:05,,,
2/20/2026 10:38:13,mlv8f197vm1ka226kxa,Teen Desk,5.00,ALIVE,FALSE,FALSE,0:00:55,0:00:41,,,
2/20/2026 10:38:55,mlv8f197vm1ka226kxa,Teen Bedroom,5.00,ALIVE,FALSE,FALSE,0:01:36,0:00:05,,,
2/20/2026 10:39:00,mlv8f197vm1ka226kxa,Teen Desk,5.00,ALIVE,FALSE,FALSE,0:01:42,0:00:04,,,
2/20/2026 10:39:04,mlv8f197vm1ka226kxa,Teen Bedroom,5.00,ALIVE,FALSE,FALSE,0:01:45,0:00:03,,,
2/20/2026 10:39:06,mlv8f197vm1ka226kxa,Bed,5.00,ALIVE,TRUE,FALSE,0:01:48,0:00:06,,,
2/20/2026 10:39:13,mlv8f197vm1ka226kxa,Teen Bedroom,5.00,ALIVE,TRUE,FALSE,0:01:54,0:00:01,,,
2/20/2026 10:39:14,mlv8f197vm1ka226kxa,Upstairs Hall,5.00,ALIVE,TRUE,FALSE,0:01:55,0:00:03,,,
2/20/2026 10:39:17,mlv8f197vm1ka226kxa,Teen Bedroom,5.00,ALIVE,TRUE,FALSE,0:01:59,0:00:04,,,
2/20/2026 10:39:21,mlv8f197vm1ka226kxa,Upstairs Hall,5.00,ALIVE,TRUE,FALSE,0:02:02,0:00:05,,,
2/20/2026 10:39:26,mlv8f197vm1ka226kxa,Parent Bedroom,5.00,ALIVE,TRUE,FALSE,0:02:08,0:00:11,,,
2/20/2026 10:39:37,mlv8f197vm1ka226kxa,Drawer,5.00,ALIVE,TRUE,FALSE,0:02:18,0:00:04,,,
2/20/2026 10:39:40,mlv8f197vm1ka226kxa,Upstairs Hall,5.00,ALIVE,TRUE,FALSE,0:02:22,0:00:07,,,
2/20/2026 10:39:47,mlv8f197vm1ka226kxa,Bathroom,5.00,ALIVE,TRUE,FALSE,0:02:29,0:00:12,,,
2/20/2026 10:39:59,mlv8f197vm1ka226kxa,Mirror,3.00,ALIVE,TRUE,FALSE,0:02:41,0:00:05,,,
2/20/2026 10:40:05,mlv8f197vm1ka226kxa,Bathroom,3.00,ALIVE,TRUE,FALSE,0:02:46,0:00:04,,,
2/20/2026 10:40:09,mlv8f197vm1ka226kxa,Shower,1.00,ALIVE,TRUE,FALSE,0:02:51,0:00:04,,,
2/20/2026 10:40:13,mlv8f197vm1ka226kxa,Bathroom,1.00,ALIVE,TRUE,FALSE,0:02:55,0:00:01,,,
2/20/2026 10:40:14,mlv8f197vm1ka226kxa,Upstairs Hall,1.00,ALIVE,TRUE,FALSE,0:02:56,0:00:05,,,
2/20/2026 10:40:19,mlv8f197vm1ka226kxa,Main Hall,1.00,ALIVE,TRUE,FALSE,0:03:01,0:00:03,,,
2/20/2026 10:40:21,mlv8f197vm1ka226kxa,East Hall,1.00,ALIVE,TRUE,FALSE,0:03:03,0:00:05,,,
2/20/2026 10:40:27,mlv8f197vm1ka226kxa,Office,1.00,ALIVE,TRUE,FALSE,0:03:08,0:00:04,,,
2/20/2026 10:40:31,mlv8f197vm1ka226kxa,Office desk,1.00,ALIVE,TRUE,FALSE,0:03:13,0:00:05,,,
2/20/2026 10:40:36,mlv8f197vm1ka226kxa,Office,1.00,ALIVE,TRUE,FALSE,0:03:17,0:00:07,,,
2/20/2026 10:40:43,mlv8f197vm1ka226kxa,Bookshelf,1.00,ALIVE,TRUE,FALSE,0:03:24,0:00:05,,,
2/20/2026 10:40:47,mlv8f197vm1ka226kxa,Office,1.00,ALIVE,TRUE,FALSE,0:03:29,0:00:09,,,
2/20/2026 10:40:56,mlv8f197vm1ka226kxa,Office desk,1.00,ALIVE,TRUE,FALSE,0:03:38,0:00:04,,,
2/20/2026 10:41:01,mlv8f197vm1ka226kxa,Office,1.00,ALIVE,TRUE,FALSE,0:03:42,0:00:08,,,
2/20/2026 10:41:09,mlv8f197vm1ka226kxa,Fireplace,-1.00,DEAD,TRUE,FALSE,0:03:50,0:00:10,,,
2/20/2026 10:41:18,mlv8f197vm1ka226kxa,Death,-1.00,DEAD,TRUE,FALSE,0:04:00,-1105762:41:18,,,
2/20/2026 11:36:45,mlvajlmmyfkd7ret31j,Story Init Passage,5.00,ALIVE,FALSE,FALSE,0:00:00,-1105763:36:45,,,
2/20/2026 11:44:38,mlvatpflyyijo1j7coa,Story Init Passage,5.00,ALIVE,FALSE,FALSE,0:00:00,-1105763:44:38,,,
2/20/2026 15:41:18,mlvja2y83x0r3q3jv5h,Story Init Passage,5.00,ALIVE,FALSE,FALSE,0:00:00,0:00:11,,,
2/20/2026 15:41:29,mlvja2y83x0r3q3jv5h,Intro Passage,5.00,ALIVE,FALSE,FALSE,0:00:11,-1105767:41:29,,,
2/20/2026 16:51:01,mlvlrrs6pi3g9zzmrgp,Office,5.00,ALIVE,FALSE,FALSE,0:00:00,-1105768:51:01,,,
2/20/2026 22:03:44,mlvwxv1bndht41xns4h,Story Init Passage,5.00,ALIVE,FALSE,FALSE,0:00:00,0:00:13,,,
2/20/2026 22:03:57,mlvwxv1bndht41xns4h,Intro Passage,5.00,ALIVE,FALSE,FALSE,0:00:13,0:00:18,,,
2/20/2026 22:04:14,mlvwxv1bndht41xns4h,Perimeter,5.00,ALIVE,FALSE,FALSE,0:00:30,0:00:30,,,
2/20/2026 22:04:44,mlvwxv1bndht41xns4h,Main Hall,5.00,ALIVE,FALSE,FALSE,0:01:00,0:00:16,,,
2/20/2026 22:05:00,mlvwxv1bndht41xns4h,Upstairs Hall,5.00,ALIVE,FALSE,FALSE,0:01:16,0:00:22,,,
2/20/2026 22:05:22,mlvwxv1bndht41xns4h,Parent Bedroom,5.00,ALIVE,FALSE,FALSE,0:01:38,0:00:06,,,
2/20/2026 22:05:28,mlvwxv1bndht41xns4h,Drawer,5.00,ALIVE,FALSE,FALSE,0:01:44,0:00:05,,,
2/20/2026 22:05:34,mlvwxv1bndht41xns4h,Upstairs Hall,5.00,ALIVE,FALSE,FALSE,0:01:50,0:00:19,,,
2/20/2026 22:05:53,mlvwxv1bndht41xns4h,Bathroom,5.00,ALIVE,FALSE,FALSE,0:02:08,0:00:19,,,
2/20/2026 22:06:11,mlvwxv1bndht41xns4h,Mirror,3.00,ALIVE,FALSE,FALSE,0:02:27,0:00:09,,,
2/20/2026 22:06:20,mlvwxv1bndht41xns4h,Bathroom,3.00,ALIVE,FALSE,FALSE,0:02:36,0:00:07,,,
2/20/2026 22:06:27,mlvwxv1bndht41xns4h,Upstairs Hall,3.00,ALIVE,FALSE,FALSE,0:02:43,0:00:11,,,
2/20/2026 22:06:38,mlvwxv1bndht41xns4h,Teen Bedroom,3.00,ALIVE,FALSE,FALSE,0:02:54,0:00:18,,,
2/20/2026 22:06:56,mlvwxv1bndht41xns4h,Teen Desk,3.00,ALIVE,FALSE,FALSE,0:03:12,0:00:06,,,
2/20/2026 22:07:02,mlvwxv1bndht41xns4h,Teen Bedroom,3.00,ALIVE,FALSE,FALSE,0:03:18,0:00:08,,,
2/20/2026 22:07:09,mlvwxv1bndht41xns4h,Bed,3.00,ALIVE,TRUE,FALSE,0:03:25,0:00:03,,,
2/20/2026 22:07:12,mlvwxv1bndht41xns4h,Teen Bedroom,3.00,ALIVE,TRUE,FALSE,0:03:28,0:00:12,,,
2/20/2026 22:07:24,mlvwxv1bndht41xns4h,Upstairs Hall,3.00,ALIVE,TRUE,FALSE,0:03:40,0:00:05,,,
2/20/2026 22:07:29,mlvwxv1bndht41xns4h,Bathroom,3.00,ALIVE,TRUE,FALSE,0:03:45,0:00:09,,,
2/20/2026 22:07:37,mlvwxv1bndht41xns4h,Shower,1.00,ALIVE,TRUE,FALSE,0:03:53,0:00:04,,,
2/20/2026 22:07:42,mlvwxv1bndht41xns4h,Bathroom,1.00,ALIVE,TRUE,FALSE,0:03:58,0:00:03,,,
2/20/2026 22:07:44,mlvwxv1bndht41xns4h,Upstairs Hall,1.00,ALIVE,TRUE,FALSE,0:04:00,0:00:13,,,
2/20/2026 22:07:57,mlvwxv1bndht41xns4h,Main Hall,1.00,ALIVE,TRUE,FALSE,0:04:13,0:00:04,,,
2/20/2026 22:08:01,mlvwxv1bndht41xns4h,West Hall,1.00,ALIVE,TRUE,FALSE,0:04:17,0:00:11,,,
2/20/2026 22:08:13,mlvwxv1bndht41xns4h,West Hall,1.00,ALIVE,TRUE,FALSE,0:04:29,0:00:08,,,
2/20/2026 22:08:21,mlvwxv1bndht41xns4h,Kitchen,1.00,ALIVE,TRUE,FALSE,0:04:37,0:00:12,,,
2/20/2026 22:08:33,mlvwxv1bndht41xns4h,West Hall,1.00,ALIVE,TRUE,FALSE,0:04:49,0:00:06,,,
2/20/2026 22:08:38,mlvwxv1bndht41xns4h,Boiler Room,1.00,ALIVE,TRUE,FALSE,0:04:54,0:00:09,,,
2/20/2026 22:08:48,mlvwxv1bndht41xns4h,Exit Door,1.00,ALIVE,TRUE,FALSE,0:05:04,0:00:03,,,
2/20/2026 22:08:51,mlvwxv1bndht41xns4h,Boiler Room,1.00,ALIVE,TRUE,FALSE,0:05:07,0:00:09,,,
2/20/2026 22:09:00,mlvwxv1bndht41xns4h,Boiler Space,1.00,ALIVE,TRUE,FALSE,0:05:16,0:00:03,,,
2/20/2026 22:09:03,mlvwxv1bndht41xns4h,Boiler Room,1.00,ALIVE,TRUE,FALSE,0:05:19,0:00:07,,,
2/20/2026 22:09:10,mlvwxv1bndht41xns4h,West Hall,1.00,ALIVE,TRUE,FALSE,0:05:26,0:00:05,,,
2/20/2026 22:09:15,mlvwxv1bndht41xns4h,Boiler Room,1.00,ALIVE,TRUE,FALSE,0:05:31,0:00:06,,,
2/20/2026 22:09:21,mlvwxv1bndht41xns4h,Boiler Space,1.00,ALIVE,TRUE,FALSE,0:05:37,0:00:05,,,
2/20/2026 22:09:26,mlvwxv1bndht41xns4h,Endless Path,1.00,ALIVE,TRUE,FALSE,0:05:42,0:00:06,,,
2/20/2026 22:09:32,mlvwxv1bndht41xns4h,Endless Path,1.00,ALIVE,TRUE,FALSE,0:05:48,0:00:05,,,
2/20/2026 22:09:37,mlvwxv1bndht41xns4h,Endless Path,1.00,ALIVE,TRUE,FALSE,0:05:53,0:00:03,,,
2/20/2026 22:09:40,mlvwxv1bndht41xns4h,Endless Path,1.00,ALIVE,TRUE,FALSE,0:05:56,0:00:04,,,
2/20/2026 22:09:43,mlvwxv1bndht41xns4h,Endless Path,1.00,ALIVE,TRUE,FALSE,0:05:59,0:00:04,,,
2/20/2026 22:09:47,mlvwxv1bndht41xns4h,Endless Path,1.00,ALIVE,TRUE,FALSE,0:06:03,0:00:04,,,
2/20/2026 22:09:51,mlvwxv1bndht41xns4h,Endless Path,1.00,ALIVE,TRUE,FALSE,0:06:07,0:00:03,,,
2/20/2026 22:09:54,mlvwxv1bndht41xns4h,Endless Path,1.00,ALIVE,TRUE,FALSE,0:06:10,0:00:03,,,
2/20/2026 22:09:58,mlvwxv1bndht41xns4h,Endless Path,1.00,ALIVE,TRUE,FALSE,0:06:14,0:00:04,,,
2/20/2026 22:10:02,mlvwxv1bndht41xns4h,Endless Path,1.00,ALIVE,TRUE,FALSE,0:06:18,0:00:21,,,
2/20/2026 22:10:23,mlvwxv1bndht41xns4h,Endless Path,1.00,ALIVE,TRUE,FALSE,0:06:39,0:00:11,,,
2/20/2026 22:10:34,mlvwxv1bndht41xns4h,Death,1.00,ALIVE,TRUE,FALSE,0:06:50,0:00:12,,,
2/20/2026 22:10:45,mlvwxv1bndht41xns4h,Intro Passage,5.00,ALIVE,FALSE,FALSE,0:07:01,0:00:11,,,
2/20/2026 22:10:56,mlvwxv1bndht41xns4h,Main Hall,5.00,ALIVE,FALSE,FALSE,0:07:12,0:00:06,,,
2/20/2026 22:11:03,mlvwxv1bndht41xns4h,East Hall,5.00,ALIVE,FALSE,FALSE,0:07:19,0:00:07,,,
2/20/2026 22:11:10,mlvwxv1bndht41xns4h,Office,5.00,ALIVE,FALSE,FALSE,0:07:26,0:00:08,,,
2/20/2026 22:11:17,mlvwxv1bndht41xns4h,Office desk,5.00,ALIVE,FALSE,FALSE,0:07:33,0:00:05,,,
2/20/2026 22:11:23,mlvwxv1bndht41xns4h,Office,5.00,ALIVE,FALSE,FALSE,0:07:39,0:00:09,,,
2/20/2026 22:11:31,mlvwxv1bndht41xns4h,Bookshelf,5.00,ALIVE,FALSE,FALSE,0:07:47,0:00:04,,,
2/20/2026 22:11:36,mlvwxv1bndht41xns4h,Office,5.00,ALIVE,FALSE,FALSE,0:07:52,0:00:12,,,
2/20/2026 22:11:47,mlvwxv1bndht41xns4h,Office desk,5.00,ALIVE,FALSE,FALSE,0:08:03,0:00:06,,,
2/20/2026 22:11:54,mlvwxv1bndht41xns4h,Office,5.00,ALIVE,FALSE,FALSE,0:08:10,0:00:16,,,
2/20/2026 22:12:10,mlvwxv1bndht41xns4h,Fireplace,3.00,ALIVE,FALSE,FALSE,0:08:26,0:00:06,,,
2/20/2026 22:12:16,mlvwxv1bndht41xns4h,Office,3.00,ALIVE,FALSE,FALSE,0:08:32,0:00:05,,,
2/20/2026 22:12:22,mlvwxv1bndht41xns4h,East Hall,3.00,ALIVE,FALSE,FALSE,0:08:37,0:00:08,,,
2/20/2026 22:12:29,mlvwxv1bndht41xns4h,Storage Room,3.00,ALIVE,FALSE,FALSE,0:08:45,0:00:06,,,
2/20/2026 22:12:35,mlvwxv1bndht41xns4h,Cabinet,3.00,ALIVE,FALSE,FALSE,0:08:51,0:00:09,,,
2/20/2026 22:12:44,mlvwxv1bndht41xns4h,Storage Room,3.00,ALIVE,FALSE,FALSE,0:09:00,0:00:10,,,
2/20/2026 22:12:54,mlvwxv1bndht41xns4h,Papers,3.00,ALIVE,FALSE,FALSE,0:09:10,0:00:11,,,
2/20/2026 22:13:05,mlvwxv1bndht41xns4h,Storage Room,3.00,ALIVE,FALSE,FALSE,0:09:21,0:00:06,,,
2/20/2026 22:13:11,mlvwxv1bndht41xns4h,East Hall,3.00,ALIVE,FALSE,FALSE,0:09:27,0:00:09,,,
2/20/2026 22:13:20,mlvwxv1bndht41xns4h,Main Hall,3.00,ALIVE,FALSE,FALSE,0:09:36,0:00:05,,,
2/20/2026 22:13:25,mlvwxv1bndht41xns4h,West Hall,3.00,ALIVE,FALSE,FALSE,0:09:41,0:00:03,,,
2/20/2026 22:13:28,mlvwxv1bndht41xns4h,Main Hall,3.00,ALIVE,FALSE,FALSE,0:09:43,0:00:03,,,
2/20/2026 22:13:30,mlvwxv1bndht41xns4h,Upstairs Hall,3.00,ALIVE,FALSE,FALSE,0:09:46,0:00:04,,,
2/20/2026 22:13:34,mlvwxv1bndht41xns4h,Teen Bedroom,3.00,ALIVE,FALSE,FALSE,0:09:50,0:00:03,,,
2/20/2026 22:13:37,mlvwxv1bndht41xns4h,Bed,3.00,ALIVE,TRUE,FALSE,0:09:53,0:00:03,,,
2/20/2026 22:13:41,mlvwxv1bndht41xns4h,Teen Bedroom,3.00,ALIVE,TRUE,FALSE,0:09:57,0:00:06,,,
2/20/2026 22:13:47,mlvwxv1bndht41xns4h,Teen Desk,3.00,ALIVE,TRUE,FALSE,0:10:03,0:00:05,,,
2/20/2026 22:13:52,mlvwxv1bndht41xns4h,Teen Bedroom,3.00,ALIVE,TRUE,FALSE,0:10:08,0:00:08,,,
2/20/2026 22:14:00,mlvwxv1bndht41xns4h,Upstairs Hall,3.00,ALIVE,TRUE,FALSE,0:10:16,0:00:02,,,
2/20/2026 22:14:02,mlvwxv1bndht41xns4h,Main Hall,3.00,ALIVE,TRUE,FALSE,0:10:18,0:00:04,,,
2/20/2026 22:14:06,mlvwxv1bndht41xns4h,West Hall,3.00,ALIVE,TRUE,FALSE,0:10:22,0:00:04,,,
2/20/2026 22:14:10,mlvwxv1bndht41xns4h,West Hall,3.00,ALIVE,TRUE,FALSE,0:10:26,0:00:06,,,
2/20/2026 22:14:16,mlvwxv1bndht41xns4h,ChaseRoom,3.00,ALIVE,TRUE,FALSE,0:10:32,0:00:02,,,
2/20/2026 22:14:17,mlvwxv1bndht41xns4h,MashAttempt,3.00,ALIVE,TRUE,FALSE,0:10:33,0:00:00,,,
2/20/2026 22:14:17,mlvwxv1bndht41xns4h,MashAttempt,3.00,ALIVE,TRUE,FALSE,0:10:33,0:00:00,,,
2/20/2026 22:14:18,mlvwxv1bndht41xns4h,MashAttempt,3.00,ALIVE,TRUE,FALSE,0:10:34,0:00:00,,,
2/20/2026 22:14:18,mlvwxv1bndht41xns4h,MashAttempt,3.00,ALIVE,TRUE,FALSE,0:10:34,0:00:00,,,
2/20/2026 22:14:18,mlvwxv1bndht41xns4h,MashAttempt,3.00,ALIVE,TRUE,FALSE,0:10:34,0:00:00,,,
2/20/2026 22:14:18,mlvwxv1bndht41xns4h,MashAttempt,3.00,ALIVE,TRUE,FALSE,0:10:34,0:00:00,,,
2/20/2026 22:14:19,mlvwxv1bndht41xns4h,MashAttempt,3.00,ALIVE,TRUE,FALSE,0:10:35,0:00:00,,,
2/20/2026 22:14:19,mlvwxv1bndht41xns4h,MashAttempt,3.00,ALIVE,TRUE,FALSE,0:10:35,0:00:00,,,
2/20/2026 22:14:19,mlvwxv1bndht41xns4h,MashAttempt,3.00,ALIVE,TRUE,FALSE,0:10:35,0:00:00,,,
2/20/2026 22:14:20,mlvwxv1bndht41xns4h,MashAttempt,3.00,ALIVE,TRUE,FALSE,0:10:35,0:00:00,,,
2/20/2026 22:14:20,mlvwxv1bndht41xns4h,MashAttempt,3.00,ALIVE,TRUE,FALSE,0:10:36,0:00:01,,,
2/20/2026 22:14:21,mlvwxv1bndht41xns4h,MashAttempt,3.00,ALIVE,TRUE,FALSE,0:10:37,0:00:00,,,
2/20/2026 22:14:21,mlvwxv1bndht41xns4h,MashAttempt,3.00,ALIVE,TRUE,FALSE,0:10:37,0:00:00,,,
2/20/2026 22:14:22,mlvwxv1bndht41xns4h,MashAttempt,3.00,ALIVE,TRUE,FALSE,0:10:37,0:00:00,,,
2/20/2026 22:14:22,mlvwxv1bndht41xns4h,MashAttempt,3.00,ALIVE,TRUE,FALSE,0:10:38,0:00:00,,,
2/20/2026 22:14:22,mlvwxv1bndht41xns4h,MashAttempt,3.00,ALIVE,TRUE,FALSE,0:10:38,0:00:00,,,
2/20/2026 22:14:22,mlvwxv1bndht41xns4h,MashAttempt,3.00,ALIVE,TRUE,FALSE,0:10:38,0:00:00,,,
2/20/2026 22:14:22,mlvwxv1bndht41xns4h,MashAttempt,3.00,ALIVE,TRUE,FALSE,0:10:38,0:00:00,,,
2/20/2026 22:14:23,mlvwxv1bndht41xns4h,MashAttempt,3.00,ALIVE,TRUE,FALSE,0:10:39,0:00:00,,,
2/20/2026 22:14:23,mlvwxv1bndht41xns4h,MashAttempt,3.00,ALIVE,TRUE,FALSE,0:10:39,0:00:00,,,
2/20/2026 22:14:23,mlvwxv1bndht41xns4h,MashAttempt,3.00,ALIVE,TRUE,FALSE,0:10:39,0:00:01,,,
2/20/2026 22:14:24,mlvwxv1bndht41xns4h,MashAttempt,3.00,ALIVE,TRUE,FALSE,0:10:40,0:00:02,,,
2/20/2026 22:14:26,mlvwxv1bndht41xns4h,MashAttempt,3.00,ALIVE,TRUE,FALSE,0:10:42,0:00:11,,,
2/20/2026 22:14:37,mlvwxv1bndht41xns4h,Main Hall,3.00,ALIVE,TRUE,FALSE,0:10:53,0:00:05,,,
2/20/2026 22:14:42,mlvwxv1bndht41xns4h,West Hall,3.00,ALIVE,TRUE,FALSE,0:10:58,0:00:07,,,
2/20/2026 22:14:49,mlvwxv1bndht41xns4h,Boiler Room,3.00,ALIVE,TRUE,FALSE,0:11:05,0:00:09,,,
2/20/2026 22:14:58,mlvwxv1bndht41xns4h,Boiler Space,3.00,ALIVE,TRUE,FALSE,0:11:14,0:00:06,,,
2/20/2026 22:15:04,mlvwxv1bndht41xns4h,Boiler Room,3.00,ALIVE,TRUE,FALSE,0:11:20,0:00:05,,,
2/20/2026 22:15:09,mlvwxv1bndht41xns4h,West Hall,3.00,ALIVE,TRUE,FALSE,0:11:25,0:00:03,,,
2/20/2026 22:15:12,mlvwxv1bndht41xns4h,Kitchen,3.00,ALIVE,TRUE,FALSE,0:11:28,0:00:03,,,
2/20/2026 22:15:15,mlvwxv1bndht41xns4h,West Hall,3.00,ALIVE,TRUE,FALSE,0:11:31,-1105774:15:15,,,
2/20/2026 22:15:28,mlvxd0rzmynjyvt0c1,West Hall,3.00,ALIVE,TRUE,FALSE,0:00:00,0:00:06,,,
2/20/2026 22:15:34,mlvxd0rzmynjyvt0c1,Main Hall,3.00,ALIVE,TRUE,FALSE,0:00:06,0:00:03,,,
2/20/2026 22:15:37,mlvxd0rzmynjyvt0c1,East Hall,3.00,ALIVE,TRUE,FALSE,0:00:09,0:00:03,,,
2/20/2026 22:15:40,mlvxd0rzmynjyvt0c1,Main Hall,3.00,ALIVE,TRUE,FALSE,0:00:11,0:00:02,,,
2/20/2026 22:15:41,mlvxd0rzmynjyvt0c1,West Hall,3.00,ALIVE,TRUE,FALSE,0:00:13,0:00:06,,,
2/20/2026 22:15:47,mlvxd0rzmynjyvt0c1,ChaseRoom,3.00,ALIVE,TRUE,FALSE,0:00:19,0:00:05,,,
2/20/2026 22:15:53,mlvxd0rzmynjyvt0c1,MashAttempt,3.00,ALIVE,TRUE,FALSE,0:00:24,0:00:03,,,
2/20/2026 22:15:56,mlvxd0rzmynjyvt0c1,MashAttempt,3.00,ALIVE,TRUE,FALSE,0:00:28,0:00:01,,,
2/20/2026 22:15:57,mlvxd0rzmynjyvt0c1,MashAttempt,3.00,ALIVE,TRUE,FALSE,0:00:28,0:00:00,,,
2/20/2026 22:15:57,mlvxd0rzmynjyvt0c1,MashAttempt,3.00,ALIVE,TRUE,FALSE,0:00:29,0:00:01,,,
2/20/2026 22:15:58,mlvxd0rzmynjyvt0c1,MashAttempt,3.00,ALIVE,TRUE,FALSE,0:00:29,0:00:00,,,
2/20/2026 22:15:58,mlvxd0rzmynjyvt0c1,MashAttempt,3.00,ALIVE,TRUE,FALSE,0:00:30,0:00:01,,,
2/20/2026 22:15:59,mlvxd0rzmynjyvt0c1,MashAttempt,3.00,ALIVE,TRUE,FALSE,0:00:31,0:00:01,,,
2/20/2026 22:15:59,mlvxd0rzmynjyvt0c1,MashAttempt,3.00,ALIVE,TRUE,FALSE,0:00:31,0:00:00,,,
2/20/2026 22:16:00,mlvxd0rzmynjyvt0c1,MashAttempt,3.00,ALIVE,TRUE,FALSE,0:00:31,0:00:00,,,
2/20/2026 22:16:00,mlvxd0rzmynjyvt0c1,MashAttempt,3.00,ALIVE,TRUE,FALSE,0:00:32,0:00:00,,,
2/20/2026 22:16:00,mlvxd0rzmynjyvt0c1,MashAttempt,3.00,ALIVE,TRUE,FALSE,0:00:32,0:00:00,,,
2/20/2026 22:16:00,mlvxd0rzmynjyvt0c1,MashAttempt,3.00,ALIVE,TRUE,FALSE,0:00:32,0:00:00,,,
2/20/2026 22:16:01,mlvxd0rzmynjyvt0c1,MashAttempt,3.00,ALIVE,TRUE,FALSE,0:00:32,0:00:00,,,
2/20/2026 22:16:01,mlvxd0rzmynjyvt0c1,MashAttempt,3.00,ALIVE,TRUE,FALSE,0:00:32,0:00:00,,,
2/20/2026 22:16:01,mlvxd0rzmynjyvt0c1,MashAttempt,3.00,ALIVE,TRUE,FALSE,0:00:33,0:00:00,,,
2/20/2026 22:16:01,mlvxd0rzmynjyvt0c1,MashAttempt,3.00,ALIVE,TRUE,FALSE,0:00:33,0:00:00,,,
2/20/2026 22:16:01,mlvxd0rzmynjyvt0c1,MashAttempt,3.00,ALIVE,TRUE,FALSE,0:00:33,0:00:00,,,
2/20/2026 22:16:02,mlvxd0rzmynjyvt0c1,MashAttempt,3.00,ALIVE,TRUE,FALSE,0:00:33,0:00:00,,,
2/20/2026 22:16:02,mlvxd0rzmynjyvt0c1,MashAttempt,3.00,ALIVE,TRUE,FALSE,0:00:34,0:00:00,,,
2/20/2026 22:16:02,mlvxd0rzmynjyvt0c1,MashAttempt,3.00,ALIVE,TRUE,FALSE,0:00:34,0:00:00,,,
2/20/2026 22:16:02,mlvxd0rzmynjyvt0c1,MashAttempt,3.00,ALIVE,TRUE,FALSE,0:00:34,0:00:00,,,
2/20/2026 22:16:03,mlvxd0rzmynjyvt0c1,MashAttempt,3.00,ALIVE,TRUE,FALSE,0:00:34,0:00:03,,,
2/20/2026 22:16:06,mlvxd0rzmynjyvt0c1,MashAttempt,3.00,ALIVE,TRUE,FALSE,0:00:38,0:00:07,,,
2/20/2026 22:16:13,mlvxd0rzmynjyvt0c1,Death,5.00,ALIVE,TRUE,TRUE,0:00:44,0:00:10,,,
2/20/2026 22:16:22,mlvxd0rzmynjyvt0c1,Main Hall,5.00,ALIVE,TRUE,TRUE,0:00:54,0:00:04,,,
2/20/2026 22:16:26,mlvxd0rzmynjyvt0c1,East Hall,5.00,ALIVE,TRUE,TRUE,0:00:57,0:00:02,,,
2/20/2026 22:16:28,mlvxd0rzmynjyvt0c1,Main Hall,5.00,ALIVE,TRUE,TRUE,0:01:00,0:00:06,,,
2/20/2026 22:16:34,mlvxd0rzmynjyvt0c1,Upstairs Hall,5.00,ALIVE,TRUE,TRUE,0:01:05,0:00:05,,,
2/20/2026 22:16:39,mlvxd0rzmynjyvt0c1,Parent Bedroom,5.00,ALIVE,TRUE,TRUE,0:01:11,0:00:04,,,
2/20/2026 22:16:43,mlvxd0rzmynjyvt0c1,Drawer,5.00,ALIVE,TRUE,TRUE,0:01:15,0:00:14,,,
2/20/2026 22:16:57,mlvxd0rzmynjyvt0c1,Upstairs Hall,5.00,ALIVE,TRUE,TRUE,0:01:29,0:00:04,,,
2/20/2026 22:17:01,mlvxd0rzmynjyvt0c1,Teen Bedroom,5.00,ALIVE,TRUE,TRUE,0:01:33,0:00:06,,,
2/20/2026 22:17:07,mlvxd0rzmynjyvt0c1,Teen Desk,5.00,ALIVE,TRUE,TRUE,0:01:39,0:00:20,,,
2/20/2026 22:17:27,mlvxd0rzmynjyvt0c1,Teen Bedroom,5.00,ALIVE,TRUE,TRUE,0:01:58,0:00:03,,,
2/20/2026 22:17:30,mlvxd0rzmynjyvt0c1,Upstairs Hall,5.00,ALIVE,TRUE,TRUE,0:02:02,0:00:04,,,
2/20/2026 22:17:33,mlvxd0rzmynjyvt0c1,Main Hall,5.00,ALIVE,TRUE,TRUE,0:02:05,0:00:03,,,
2/20/2026 22:17:36,mlvxd0rzmynjyvt0c1,West Hall,5.00,ALIVE,TRUE,TRUE,0:02:08,0:00:08,,,
2/20/2026 22:17:44,mlvxd0rzmynjyvt0c1,Boiler Room,5.00,ALIVE,TRUE,TRUE,0:02:16,0:00:04,,,
2/20/2026 22:17:48,mlvxd0rzmynjyvt0c1,Boiler Space,5.00,ALIVE,TRUE,TRUE,0:02:20,0:00:03,,,
2/20/2026 22:17:51,mlvxd0rzmynjyvt0c1,Endless Path,5.00,ALIVE,TRUE,TRUE,0:02:23,0:00:05,,,
2/20/2026 22:17:57,mlvxd0rzmynjyvt0c1,Endless Path,5.00,ALIVE,TRUE,TRUE,0:02:28,0:00:05,,,
2/20/2026 22:18:02,mlvxd0rzmynjyvt0c1,Endless Path,5.00,ALIVE,TRUE,TRUE,0:02:33,0:00:04,,,
2/20/2026 22:18:05,mlvxd0rzmynjyvt0c1,Endless Path,5.00,ALIVE,TRUE,TRUE,0:02:37,0:00:06,,,
2/20/2026 22:18:11,mlvxd0rzmynjyvt0c1,Endless Path,5.00,ALIVE,TRUE,TRUE,0:02:43,0:00:04,,,
2/20/2026 22:18:16,mlvxd0rzmynjyvt0c1,Endless Path,5.00,ALIVE,TRUE,TRUE,0:02:48,0:00:04,,,
2/20/2026 22:18:20,mlvxd0rzmynjyvt0c1,Endless Path,5.00,ALIVE,TRUE,TRUE,0:02:52,0:00:04,,,
2/20/2026 22:18:24,mlvxd0rzmynjyvt0c1,Endless Path,5.00,ALIVE,TRUE,TRUE,0:02:56,0:00:06,,,
2/20/2026 22:18:29,mlvxd0rzmynjyvt0c1,Endless Path,5.00,ALIVE,TRUE,TRUE,0:03:01,0:00:07,,,
2/20/2026 22:18:36,mlvxd0rzmynjyvt0c1,Endless Path,5.00,ALIVE,TRUE,TRUE,0:03:08,0:00:04,,,
2/20/2026 22:18:40,mlvxd0rzmynjyvt0c1,Endless Path,5.00,ALIVE,TRUE,TRUE,0:03:12,0:00:03,,,
2/20/2026 22:18:43,mlvxd0rzmynjyvt0c1,Endless Path,5.00,ALIVE,TRUE,TRUE,0:03:15,0:00:03,,,
2/20/2026 22:18:47,mlvxd0rzmynjyvt0c1,Endless Path,5.00,ALIVE,TRUE,TRUE,0:03:18,0:00:04,,,
2/20/2026 22:18:50,mlvxd0rzmynjyvt0c1,Endless Path,5.00,ALIVE,TRUE,TRUE,0:03:22,0:00:03,,,
2/20/2026 22:18:53,mlvxd0rzmynjyvt0c1,Endless Path,5.00,ALIVE,TRUE,TRUE,0:03:25,0:00:03,,,
2/20/2026 22:18:57,mlvxd0rzmynjyvt0c1,Endless Path,5.00,ALIVE,TRUE,TRUE,0:03:29,0:00:04,,,
2/20/2026 22:19:01,mlvxd0rzmynjyvt0c1,Endless Path,5.00,ALIVE,TRUE,TRUE,0:03:33,0:00:02,,,
2/20/2026 22:19:04,mlvxd0rzmynjyvt0c1,Endless Path,5.00,ALIVE,TRUE,TRUE,0:03:35,0:00:04,,,
2/20/2026 22:19:07,mlvxd0rzmynjyvt0c1,Endless Path,5.00,ALIVE,TRUE,TRUE,0:03:39,0:00:04,,,
2/20/2026 22:19:11,mlvxd0rzmynjyvt0c1,Endless Path,5.00,ALIVE,TRUE,TRUE,0:03:43,0:00:03,,,
2/20/2026 22:19:14,mlvxd0rzmynjyvt0c1,Endless Path,5.00,ALIVE,TRUE,TRUE,0:03:46,0:00:04,,,
2/20/2026 22:19:18,mlvxd0rzmynjyvt0c1,Endless Path,5.00,ALIVE,TRUE,TRUE,0:03:50,-1105774:19:18,,,
2/20/2026 22:45:35,mlvyfqvnms441k8m0b,Story Init Passage,5.00,ALIVE,FALSE,FALSE,0:00:00,-1105774:45:35,,,
2/21/2026 3:23:10,mlw8cngfgoc5m52gi25,Story Init Passage,5.00,ALIVE,FALSE,FALSE,0:00:00,0:00:15,,,
2/21/2026 3:23:25,mlw8cngfgoc5m52gi25,Intro Passage,5.00,ALIVE,FALSE,FALSE,0:00:15,0:00:19,,,
2/21/2026 3:23:43,mlw8cngfgoc5m52gi25,Main Hall,5.00,ALIVE,FALSE,FALSE,0:00:33,0:00:13,,,
2/21/2026 3:23:57,mlw8cngfgoc5m52gi25,Upstairs Hall,5.00,ALIVE,FALSE,FALSE,0:00:47,0:00:10,,,
2/21/2026 3:24:07,mlw8cngfgoc5m52gi25,Bathroom,5.00,ALIVE,FALSE,FALSE,0:00:57,0:00:11,,,
2/21/2026 3:24:17,mlw8cngfgoc5m52gi25,Mirror,3.00,ALIVE,FALSE,FALSE,0:01:07,0:00:06,,,
2/21/2026 3:24:24,mlw8cngfgoc5m52gi25,Bathroom,3.00,ALIVE,FALSE,FALSE,0:01:14,0:00:05,,,
2/21/2026 3:24:28,mlw8cngfgoc5m52gi25,Shower,1.00,ALIVE,FALSE,FALSE,0:01:18,0:00:04,,,
2/21/2026 3:24:33,mlw8cngfgoc5m52gi25,Bathroom,1.00,ALIVE,FALSE,FALSE,0:01:23,0:00:03,,,
2/21/2026 3:24:35,mlw8cngfgoc5m52gi25,Upstairs Hall,1.00,ALIVE,FALSE,FALSE,0:01:25,0:00:07,,,
2/21/2026 3:24:42,mlw8cngfgoc5m52gi25,Parent Bedroom,1.00,ALIVE,FALSE,FALSE,0:01:32,0:00:09,,,
2/21/2026 3:24:51,mlw8cngfgoc5m52gi25,Drawer,1.00,ALIVE,FALSE,FALSE,0:01:41,0:00:04,,,
2/21/2026 3:24:55,mlw8cngfgoc5m52gi25,Upstairs Hall,1.00,ALIVE,FALSE,FALSE,0:01:45,0:00:06,,,
2/21/2026 3:25:01,mlw8cngfgoc5m52gi25,Main Hall,1.00,ALIVE,FALSE,FALSE,0:01:51,0:00:06,,,
2/21/2026 3:25:08,mlw8cngfgoc5m52gi25,West Hall,1.00,ALIVE,FALSE,FALSE,0:01:58,0:00:07,,,
2/21/2026 3:25:15,mlw8cngfgoc5m52gi25,Main Hall,1.00,ALIVE,FALSE,FALSE,0:02:05,0:00:05,,,
2/21/2026 3:25:20,mlw8cngfgoc5m52gi25,East Hall,1.00,ALIVE,FALSE,FALSE,0:02:10,0:00:05,,,
2/21/2026 3:25:25,mlw8cngfgoc5m52gi25,Office,1.00,ALIVE,FALSE,FALSE,0:02:15,0:00:05,,,
2/21/2026 3:25:30,mlw8cngfgoc5m52gi25,Office desk,1.00,ALIVE,FALSE,FALSE,0:02:20,0:00:06,,,
2/21/2026 3:25:35,mlw8cngfgoc5m52gi25,Office,1.00,ALIVE,FALSE,FALSE,0:02:25,0:00:08,,,
2/21/2026 3:25:43,mlw8cngfgoc5m52gi25,Bookshelf,1.00,ALIVE,FALSE,FALSE,0:02:33,0:00:03,,,
2/21/2026 3:25:46,mlw8cngfgoc5m52gi25,Office,1.00,ALIVE,FALSE,FALSE,0:02:36,0:00:14,,,
2/21/2026 3:26:01,mlw8cngfgoc5m52gi25,Office desk,1.00,ALIVE,FALSE,FALSE,0:02:51,0:00:07,,,
2/21/2026 3:26:07,mlw8cngfgoc5m52gi25,Office,1.00,ALIVE,FALSE,FALSE,0:02:57,0:00:09,,,
2/21/2026 3:26:16,mlw8cngfgoc5m52gi25,Fireplace,-1.00,DEAD,FALSE,FALSE,0:03:06,-1105779:26:16,,,
2/21/2026 12:48:32,mlwsjrgxywfuqcvafjo,Story Init Passage,5.00,ALIVE,FALSE,FALSE,0:00:00,-1105788:48:32,,,
2/21/2026 13:19:04,mlwtn0woe58756a4a,Story Init Passage,5.00,ALIVE,FALSE,FALSE,0:00:00,-1105789:19:04,,,
2/21/2026 22:39:17,mlxdnd0nzcv9vgg7gmj,Story Init Passage,5.00,ALIVE,FALSE,FALSE,0:00:00,0:00:11,,,
2/21/2026 22:39:28,mlxdnd0nzcv9vgg7gmj,Intro Passage,5.00,ALIVE,FALSE,FALSE,0:00:11,-1105798:39:28,,,
2/21/2026 23:46:01,mlxg1b3f97706jielif,Story Init Passage,5.00,ALIVE,FALSE,FALSE,0:00:00,0:00:12,,,
2/21/2026 23:46:13,mlxg1b3f97706jielif,Intro Passage,5.00,ALIVE,FALSE,FALSE,0:00:12,0:00:08,,,
2/21/2026 23:46:21,mlxg1b3f97706jielif,Perimeter,5.00,ALIVE,FALSE,FALSE,0:00:20,0:00:04,,,
2/21/2026 23:46:25,mlxg1b3f97706jielif,Rabid Dog Attack,5.00,ALIVE,FALSE,FALSE,0:00:24,0:00:06,,,
2/21/2026 23:46:31,mlxg1b3f97706jielif,Death,5.00,ALIVE,FALSE,FALSE,0:00:30,0:00:13,,,
2/21/2026 23:46:44,mlxg1b3f97706jielif,Intro Passage,5.00,ALIVE,FALSE,FALSE,0:00:43,0:00:06,,,
2/21/2026 23:46:50,mlxg1b3f97706jielif,Perimeter,5.00,ALIVE,FALSE,FALSE,0:00:49,0:00:15,,,
2/21/2026 23:47:04,mlxg1b3f97706jielif,Main Hall,5.00,ALIVE,FALSE,FALSE,0:01:03,0:00:11,,,
2/21/2026 23:47:15,mlxg1b3f97706jielif,East Hall,5.00,ALIVE,FALSE,FALSE,0:01:14,0:00:07,,,
2/21/2026 23:47:21,mlxg1b3f97706jielif,Office,5.00,ALIVE,FALSE,FALSE,0:01:20,0:00:05,,,
2/21/2026 23:47:26,mlxg1b3f97706jielif,Office desk,5.00,ALIVE,FALSE,FALSE,0:01:25,0:00:04,,,
2/21/2026 23:47:30,mlxg1b3f97706jielif,Office,5.00,ALIVE,FALSE,FALSE,0:01:29,0:00:06,,,
2/21/2026 23:47:36,mlxg1b3f97706jielif,Bookshelf,5.00,ALIVE,FALSE,FALSE,0:01:35,0:00:03,,,
2/21/2026 23:47:40,mlxg1b3f97706jielif,Office,5.00,ALIVE,FALSE,FALSE,0:01:39,0:00:08,,,
2/21/2026 23:47:47,mlxg1b3f97706jielif,Office desk,5.00,ALIVE,FALSE,FALSE,0:01:46,0:00:09,,,
2/21/2026 23:47:57,mlxg1b3f97706jielif,Office desk,5.00,ALIVE,FALSE,FALSE,0:01:56,0:00:04,,,
2/21/2026 23:48:01,mlxg1b3f97706jielif,Office,5.00,ALIVE,FALSE,FALSE,0:02:00,0:00:10,,,
2/21/2026 23:48:11,mlxg1b3f97706jielif,Fireplace,3.00,ALIVE,FALSE,FALSE,0:02:10,0:00:04,,,
2/21/2026 23:48:15,mlxg1b3f97706jielif,Office,3.00,ALIVE,FALSE,FALSE,0:02:14,0:00:02,,,
2/21/2026 23:48:17,mlxg1b3f97706jielif,East Hall,3.00,ALIVE,FALSE,FALSE,0:02:16,0:00:06,,,
2/21/2026 23:48:22,mlxg1b3f97706jielif,Storage Room,3.00,ALIVE,FALSE,FALSE,0:02:22,0:00:07,,,
2/21/2026 23:48:30,mlxg1b3f97706jielif,Papers,3.00,ALIVE,FALSE,FALSE,0:02:29,0:00:05,,,
2/21/2026 23:48:35,mlxg1b3f97706jielif,Storage Room,3.00,ALIVE,FALSE,FALSE,0:02:34,0:00:03,,,
2/21/2026 23:48:38,mlxg1b3f97706jielif,Cabinet,3.00,ALIVE,FALSE,FALSE,0:02:37,0:00:05,,,
2/21/2026 23:48:43,mlxg1b3f97706jielif,Storage Room,3.00,ALIVE,FALSE,FALSE,0:02:42,0:00:03,,,
2/21/2026 23:48:46,mlxg1b3f97706jielif,East Hall,3.00,ALIVE,FALSE,FALSE,0:02:45,0:00:04,,,
2/21/2026 23:48:49,mlxg1b3f97706jielif,Main Hall,3.00,ALIVE,FALSE,FALSE,0:02:48,0:00:04,,,
2/21/2026 23:48:54,mlxg1b3f97706jielif,West Hall,3.00,ALIVE,FALSE,FALSE,0:02:53,0:00:04,,,
2/21/2026 23:48:57,mlxg1b3f97706jielif,Main Hall,3.00,ALIVE,FALSE,FALSE,0:02:56,0:00:05,,,
2/21/2026 23:49:03,mlxg1b3f97706jielif,Upstairs Hall,3.00,ALIVE,FALSE,FALSE,0:03:02,0:00:06,,,
2/21/2026 23:49:08,mlxg1b3f97706jielif,Parent Bedroom,3.00,ALIVE,FALSE,FALSE,0:03:07,0:00:05,,,
2/21/2026 23:49:14,mlxg1b3f97706jielif,Drawer,3.00,ALIVE,FALSE,FALSE,0:03:13,0:00:02,,,
2/21/2026 23:49:15,mlxg1b3f97706jielif,Upstairs Hall,3.00,ALIVE,FALSE,FALSE,0:03:14,0:00:03,,,
2/21/2026 23:49:18,mlxg1b3f97706jielif,Teen Bedroom,3.00,ALIVE,FALSE,FALSE,0:03:17,0:00:03,,,
2/21/2026 23:49:21,mlxg1b3f97706jielif,Bed,3.00,ALIVE,TRUE,FALSE,0:03:20,0:00:02,,,
2/21/2026 23:49:23,mlxg1b3f97706jielif,Teen Bedroom,3.00,ALIVE,TRUE,FALSE,0:03:22,0:00:05,,,
2/21/2026 23:49:29,mlxg1b3f97706jielif,Teen Desk,3.00,ALIVE,TRUE,FALSE,0:03:28,0:00:03,,,
2/21/2026 23:49:31,mlxg1b3f97706jielif,Teen Bedroom,3.00,ALIVE,TRUE,FALSE,0:03:30,0:00:02,,,
2/21/2026 23:49:33,mlxg1b3f97706jielif,Upstairs Hall,3.00,ALIVE,TRUE,FALSE,0:03:33,0:00:10,,,
2/21/2026 23:49:43,mlxg1b3f97706jielif,Bathroom,3.00,ALIVE,TRUE,FALSE,0:03:42,0:00:02,,,
2/21/2026 23:49:45,mlxg1b3f97706jielif,Upstairs Hall,3.00,ALIVE,TRUE,FALSE,0:03:44,0:00:03,,,
2/21/2026 23:49:47,mlxg1b3f97706jielif,Main Hall,3.00,ALIVE,TRUE,FALSE,0:03:46,0:00:02,,,
2/21/2026 23:49:50,mlxg1b3f97706jielif,West Hall,3.00,ALIVE,TRUE,FALSE,0:03:49,0:00:06,,,
2/21/2026 23:49:56,mlxg1b3f97706jielif,West Hall,3.00,ALIVE,TRUE,FALSE,0:03:55,0:00:04,,,
2/21/2026 23:50:00,mlxg1b3f97706jielif,Kitchen,3.00,ALIVE,TRUE,FALSE,0:03:59,0:00:02,,,
2/21/2026 23:50:01,mlxg1b3f97706jielif,West Hall,3.00,ALIVE,TRUE,FALSE,0:04:00,0:00:04,,,
2/21/2026 23:50:06,mlxg1b3f97706jielif,Boiler Room,3.00,ALIVE,TRUE,FALSE,0:04:05,0:00:05,,,
2/21/2026 23:50:11,mlxg1b3f97706jielif,Exit Door,3.00,ALIVE,TRUE,FALSE,0:04:10,0:00:04,,,
2/21/2026 23:50:15,mlxg1b3f97706jielif,Boiler Room,3.00,ALIVE,TRUE,FALSE,0:04:14,0:00:07,,,
2/21/2026 23:50:22,mlxg1b3f97706jielif,Boiler Space,3.00,ALIVE,TRUE,FALSE,0:04:21,0:00:05,,,
2/21/2026 23:50:26,mlxg1b3f97706jielif,Endless Path,3.00,ALIVE,TRUE,FALSE,0:04:25,0:00:03,,,
2/21/2026 23:50:29,mlxg1b3f97706jielif,Endless Path,3.00,ALIVE,TRUE,FALSE,0:04:28,0:00:04,,,
2/21/2026 23:50:33,mlxg1b3f97706jielif,Endless Path,3.00,ALIVE,TRUE,FALSE,0:04:32,0:00:05,,,
2/21/2026 23:50:38,mlxg1b3f97706jielif,Endless Path,3.00,ALIVE,TRUE,FALSE,0:04:37,0:00:03,,,
2/21/2026 23:50:41,mlxg1b3f97706jielif,Endless Path,3.00,ALIVE,TRUE,FALSE,0:04:40,0:00:04,,,
2/21/2026 23:50:46,mlxg1b3f97706jielif,Endless Path,3.00,ALIVE,TRUE,FALSE,0:04:45,0:00:04,,,
2/21/2026 23:50:49,mlxg1b3f97706jielif,Endless Path,3.00,ALIVE,TRUE,FALSE,0:04:48,0:00:04,,,
2/21/2026 23:50:53,mlxg1b3f97706jielif,Endless Path,3.00,ALIVE,TRUE,FALSE,0:04:52,0:00:04,,,
2/21/2026 23:50:57,mlxg1b3f97706jielif,Endless Path,3.00,ALIVE,TRUE,FALSE,0:04:56,-1105799:50:57,,,
2/22/2026 3:34:08,mlxo6qt9fo1wl7klbj9,Story Init Passage,5.00,ALIVE,FALSE,FALSE,0:00:00,0:00:12,,,
2/22/2026 3:34:20,mlxo6qt9fo1wl7klbj9,Intro Passage,5.00,ALIVE,FALSE,FALSE,0:00:12,-1105803:34:20,,,
2/22/2026 18:01:08,mlyj5mt3joj42lccrd,Story Init Passage,5.00,ALIVE,FALSE,FALSE,0:00:00,-1105818:01:08,,,
2/22/2026 20:35:28,mlyonz0pgiyi57on9gp,Story Init Passage,5.00,ALIVE,FALSE,FALSE,0:00:00,0:00:11,,,
2/22/2026 20:35:39,mlyonz0pgiyi57on9gp,Intro Passage,5.00,ALIVE,FALSE,FALSE,0:00:11,0:00:07,,,
2/22/2026 20:35:46,mlyonz0pgiyi57on9gp,Perimeter,5.00,ALIVE,FALSE,FALSE,0:00:18,0:00:06,,,
2/22/2026 20:35:53,mlyonz0pgiyi57on9gp,Rabid Dog Attack,5.00,ALIVE,FALSE,FALSE,0:00:25,0:00:04,,,
2/22/2026 20:35:57,mlyonz0pgiyi57on9gp,Death,5.00,ALIVE,FALSE,FALSE,0:00:29,0:00:10,,,
2/22/2026 20:36:07,mlyonz0pgiyi57on9gp,Intro Passage,5.00,ALIVE,FALSE,FALSE,0:00:39,0:00:09,,,
2/22/2026 20:36:16,mlyonz0pgiyi57on9gp,Main Hall,5.00,ALIVE,FALSE,FALSE,0:00:48,0:00:02,,,
2/22/2026 20:36:18,mlyonz0pgiyi57on9gp,Upstairs Hall,5.00,ALIVE,FALSE,FALSE,0:00:51,0:00:06,,,
2/22/2026 20:36:24,mlyonz0pgiyi57on9gp,Parent Bedroom,5.00,ALIVE,FALSE,FALSE,0:00:56,0:00:05,,,
2/22/2026 20:36:29,mlyonz0pgiyi57on9gp,Drawer,5.00,ALIVE,FALSE,FALSE,0:01:01,0:00:03,,,
2/22/2026 20:36:32,mlyonz0pgiyi57on9gp,Upstairs Hall,5.00,ALIVE,FALSE,FALSE,0:01:04,0:00:04,,,
2/22/2026 20:36:35,mlyonz0pgiyi57on9gp,Teen Bedroom,5.00,ALIVE,FALSE,FALSE,0:01:07,0:00:05,,,
2/22/2026 20:36:41,mlyonz0pgiyi57on9gp,Teen Desk,5.00,ALIVE,FALSE,FALSE,0:01:13,0:00:03,,,
2/22/2026 20:36:44,mlyonz0pgiyi57on9gp,Teen Bedroom,5.00,ALIVE,FALSE,FALSE,0:01:16,0:00:04,,,
2/22/2026 20:36:48,mlyonz0pgiyi57on9gp,Bed,5.00,ALIVE,TRUE,FALSE,0:01:20,0:00:04,,,
2/22/2026 20:36:51,mlyonz0pgiyi57on9gp,Upstairs Hall,5.00,ALIVE,TRUE,FALSE,0:01:24,0:00:00,,,
2/22/2026 20:36:52,mlyonz0pgiyi57on9gp,Teen Bedroom,5.00,ALIVE,TRUE,FALSE,0:01:24,0:00:05,,,
2/22/2026 20:36:57,mlyonz0pgiyi57on9gp,Bathroom,5.00,ALIVE,TRUE,FALSE,0:01:29,0:00:10,,,
2/22/2026 20:37:06,mlyonz0pgiyi57on9gp,Mirror,3.00,ALIVE,TRUE,FALSE,0:01:38,0:00:04,,,
2/22/2026 20:37:10,mlyonz0pgiyi57on9gp,Bathroom,3.00,ALIVE,TRUE,FALSE,0:01:42,0:00:04,,,
2/22/2026 20:37:14,mlyonz0pgiyi57on9gp,Shower,1.00,ALIVE,TRUE,FALSE,0:01:46,0:00:05,,,
2/22/2026 20:37:19,mlyonz0pgiyi57on9gp,Bathroom,1.00,ALIVE,TRUE,FALSE,0:01:51,0:00:01,,,
2/22/2026 20:37:20,mlyonz0pgiyi57on9gp,Upstairs Hall,1.00,ALIVE,TRUE,FALSE,0:01:52,0:00:04,,,
2/22/2026 20:37:24,mlyonz0pgiyi57on9gp,Main Hall,1.00,ALIVE,TRUE,FALSE,0:01:56,0:00:04,,,
2/22/2026 20:37:28,mlyonz0pgiyi57on9gp,West Hall,1.00,ALIVE,TRUE,FALSE,0:02:00,0:00:02,,,
2/22/2026 20:37:30,mlyonz0pgiyi57on9gp,West Hall,1.00,ALIVE,TRUE,FALSE,0:02:02,0:00:08,,,
2/22/2026 20:37:38,mlyonz0pgiyi57on9gp,ChaseRoom,1.00,ALIVE,TRUE,FALSE,0:02:10,0:00:05,,,
2/22/2026 20:37:43,mlyonz0pgiyi57on9gp,MashAttempt,1.00,ALIVE,TRUE,FALSE,0:02:15,0:00:01,,,
2/22/2026 20:37:44,mlyonz0pgiyi57on9gp,MashAttempt,1.00,ALIVE,TRUE,FALSE,0:02:16,0:00:01,,,
2/22/2026 20:37:44,mlyonz0pgiyi57on9gp,MashAttempt,1.00,ALIVE,TRUE,FALSE,0:02:16,0:00:00,,,
2/22/2026 20:37:45,mlyonz0pgiyi57on9gp,MashAttempt,1.00,ALIVE,TRUE,FALSE,0:02:17,0:00:00,,,
2/22/2026 20:37:45,mlyonz0pgiyi57on9gp,MashAttempt,1.00,ALIVE,TRUE,FALSE,0:02:17,0:00:00,,,
2/22/2026 20:37:45,mlyonz0pgiyi57on9gp,MashAttempt,1.00,ALIVE,TRUE,FALSE,0:02:17,0:00:01,,,
2/22/2026 20:37:46,mlyonz0pgiyi57on9gp,MashAttempt,1.00,ALIVE,TRUE,FALSE,0:02:19,0:00:00,,,
2/22/2026 20:37:47,mlyonz0pgiyi57on9gp,MashAttempt,1.00,ALIVE,TRUE,FALSE,0:02:19,0:00:01,,,
2/22/2026 20:37:48,mlyonz0pgiyi57on9gp,MashAttempt,1.00,ALIVE,TRUE,FALSE,0:02:20,0:00:00,,,
2/22/2026 20:37:48,mlyonz0pgiyi57on9gp,MashAttempt,1.00,ALIVE,TRUE,FALSE,0:02:20,0:00:00,,,
2/22/2026 20:37:48,mlyonz0pgiyi57on9gp,MashAttempt,1.00,ALIVE,TRUE,FALSE,0:02:20,0:00:00,,,
2/22/2026 20:37:49,mlyonz0pgiyi57on9gp,MashAttempt,1.00,ALIVE,TRUE,FALSE,0:02:21,0:00:00,,,
2/22/2026 20:37:49,mlyonz0pgiyi57on9gp,MashAttempt,1.00,ALIVE,TRUE,FALSE,0:02:21,0:00:00,,,
2/22/2026 20:37:49,mlyonz0pgiyi57on9gp,MashAttempt,1.00,ALIVE,TRUE,FALSE,0:02:21,0:00:00,,,
2/22/2026 20:37:50,mlyonz0pgiyi57on9gp,MashAttempt,1.00,ALIVE,TRUE,FALSE,0:02:22,0:00:00,,,
2/22/2026 20:37:50,mlyonz0pgiyi57on9gp,MashAttempt,1.00,ALIVE,TRUE,FALSE,0:02:22,0:00:00,,,
2/22/2026 20:37:50,mlyonz0pgiyi57on9gp,MashAttempt,1.00,ALIVE,TRUE,FALSE,0:02:22,0:00:00,,,
2/22/2026 20:37:50,mlyonz0pgiyi57on9gp,MashAttempt,1.00,ALIVE,TRUE,FALSE,0:02:23,0:00:00,,,
2/22/2026 20:37:51,mlyonz0pgiyi57on9gp,MashAttempt,1.00,ALIVE,TRUE,FALSE,0:02:23,0:00:00,,,
2/22/2026 20:37:51,mlyonz0pgiyi57on9gp,MashAttempt,1.00,ALIVE,TRUE,FALSE,0:02:23,0:00:00,,,
2/22/2026 20:37:51,mlyonz0pgiyi57on9gp,MashAttempt,1.00,ALIVE,TRUE,FALSE,0:02:23,0:00:00,,,
2/22/2026 20:37:51,mlyonz0pgiyi57on9gp,MashAttempt,1.00,ALIVE,TRUE,FALSE,0:02:23,0:00:02,,,
2/22/2026 20:37:53,mlyonz0pgiyi57on9gp,Main Hall,1.00,ALIVE,TRUE,FALSE,0:02:26,0:00:01,,,
2/22/2026 20:37:54,mlyonz0pgiyi57on9gp,East Hall,1.00,ALIVE,TRUE,FALSE,0:02:26,0:00:05,,,
2/22/2026 20:37:59,mlyonz0pgiyi57on9gp,Office,1.00,ALIVE,TRUE,FALSE,0:02:31,0:00:06,,,
2/22/2026 20:38:04,mlyonz0pgiyi57on9gp,Office desk,1.00,ALIVE,TRUE,FALSE,0:02:37,0:00:09,,,
2/22/2026 20:38:13,mlyonz0pgiyi57on9gp,Bookshelf,1.00,ALIVE,TRUE,FALSE,0:02:45,0:00:06,,,
2/22/2026 20:38:19,mlyonz0pgiyi57on9gp,Office,1.00,ALIVE,TRUE,FALSE,0:02:51,0:00:06,,,
2/22/2026 20:38:25,mlyonz0pgiyi57on9gp,Office desk,1.00,ALIVE,TRUE,FALSE,0:02:58,0:00:04,,,
2/22/2026 20:38:30,mlyonz0pgiyi57on9gp,Office,1.00,ALIVE,TRUE,FALSE,0:03:02,0:00:07,,,
2/22/2026 20:38:37,mlyonz0pgiyi57on9gp,Fireplace,-1.00,DEAD,TRUE,FALSE,0:03:09,0:00:06,,,
2/22/2026 20:38:43,mlyonz0pgiyi57on9gp,Death,-1.00,DEAD,TRUE,FALSE,0:03:15,0:01:26,,,
2/22/2026 20:40:09,mlyonz0pgiyi57on9gp,Intro Passage,5.00,ALIVE,FALSE,FALSE,0:04:42,0:00:02,,,
2/22/2026 20:40:12,mlyonz0pgiyi57on9gp,Main Hall,5.00,ALIVE,FALSE,FALSE,0:04:44,0:00:02,,,
2/22/2026 20:40:14,mlyonz0pgiyi57on9gp,Upstairs Hall,5.00,ALIVE,FALSE,FALSE,0:04:46,0:00:09,,,
2/22/2026 20:40:23,mlyonz0pgiyi57on9gp,Bathroom,5.00,ALIVE,FALSE,FALSE,0:04:55,0:00:02,,,
2/22/2026 20:40:25,mlyonz0pgiyi57on9gp,Upstairs Hall,5.00,ALIVE,FALSE,FALSE,0:04:57,0:00:04,,,
2/22/2026 20:40:28,mlyonz0pgiyi57on9gp,Main Hall,5.00,ALIVE,FALSE,FALSE,0:05:00,0:00:03,,,
2/22/2026 20:40:31,mlyonz0pgiyi57on9gp,East Hall,5.00,ALIVE,FALSE,FALSE,0:05:03,0:00:05,,,
2/22/2026 20:40:36,mlyonz0pgiyi57on9gp,Office,5.00,ALIVE,FALSE,FALSE,0:05:08,0:00:09,,,
2/22/2026 20:40:45,mlyonz0pgiyi57on9gp,Office desk,5.00,ALIVE,FALSE,FALSE,0:05:17,0:00:08,,,
2/22/2026 20:40:53,mlyonz0pgiyi57on9gp,Office,5.00,ALIVE,FALSE,FALSE,0:05:25,0:00:02,,,
2/22/2026 20:40:55,mlyonz0pgiyi57on9gp,Fireplace,3.00,ALIVE,FALSE,FALSE,0:05:27,0:00:04,,,
2/22/2026 20:40:58,mlyonz0pgiyi57on9gp,Office,3.00,ALIVE,FALSE,FALSE,0:05:30,0:00:04,,,
2/22/2026 20:41:02,mlyonz0pgiyi57on9gp,East Hall,3.00,ALIVE,FALSE,FALSE,0:05:34,0:00:05,,,
2/22/2026 20:41:07,mlyonz0pgiyi57on9gp,Storage Room,3.00,ALIVE,FALSE,FALSE,0:05:39,0:00:02,,,
2/22/2026 20:41:09,mlyonz0pgiyi57on9gp,Cabinet,3.00,ALIVE,FALSE,FALSE,0:05:41,0:00:05,,,
2/22/2026 20:41:14,mlyonz0pgiyi57on9gp,Storage Room,3.00,ALIVE,FALSE,FALSE,0:05:46,0:00:11,,,
2/22/2026 20:41:24,mlyonz0pgiyi57on9gp,Papers,3.00,ALIVE,FALSE,FALSE,0:05:57,0:00:05,,,
2/22/2026 20:41:29,mlyonz0pgiyi57on9gp,Storage Room,3.00,ALIVE,FALSE,FALSE,0:06:01,0:00:05,,,
2/22/2026 20:41:34,mlyonz0pgiyi57on9gp,East Hall,3.00,ALIVE,FALSE,FALSE,0:06:06,0:00:02,,,
2/22/2026 20:41:36,mlyonz0pgiyi57on9gp,Main Hall,3.00,ALIVE,FALSE,FALSE,0:06:08,0:00:03,,,
2/22/2026 20:41:39,mlyonz0pgiyi57on9gp,Upstairs Hall,3.00,ALIVE,FALSE,FALSE,0:06:11,0:00:05,,,
2/22/2026 20:41:44,mlyonz0pgiyi57on9gp,Parent Bedroom,3.00,ALIVE,FALSE,FALSE,0:06:16,0:00:05,,,
2/22/2026 20:41:49,mlyonz0pgiyi57on9gp,Drawer,3.00,ALIVE,FALSE,FALSE,0:06:21,0:00:02,,,
2/22/2026 20:41:51,mlyonz0pgiyi57on9gp,Upstairs Hall,3.00,ALIVE,FALSE,FALSE,0:06:23,0:00:05,,,
2/22/2026 20:41:56,mlyonz0pgiyi57on9gp,Teen Bedroom,3.00,ALIVE,FALSE,FALSE,0:06:28,0:00:05,,,
2/22/2026 20:42:02,mlyonz0pgiyi57on9gp,Teen Desk,3.00,ALIVE,FALSE,FALSE,0:06:34,0:00:02,,,
2/22/2026 20:42:04,mlyonz0pgiyi57on9gp,Teen Bedroom,3.00,ALIVE,FALSE,FALSE,0:06:36,0:00:01,,,
2/22/2026 20:42:05,mlyonz0pgiyi57on9gp,Bed,3.00,ALIVE,TRUE,FALSE,0:06:37,0:00:03,,,
2/22/2026 20:42:08,mlyonz0pgiyi57on9gp,Teen Bedroom,3.00,ALIVE,TRUE,FALSE,0:06:40,0:00:02,,,
2/22/2026 20:42:10,mlyonz0pgiyi57on9gp,Upstairs Hall,3.00,ALIVE,TRUE,FALSE,0:06:42,0:00:03,,,
2/22/2026 20:42:13,mlyonz0pgiyi57on9gp,Main Hall,3.00,ALIVE,TRUE,FALSE,0:06:45,0:00:03,,,
2/22/2026 20:42:15,mlyonz0pgiyi57on9gp,West Hall,3.00,ALIVE,TRUE,FALSE,0:06:48,0:00:06,,,
2/22/2026 20:42:22,mlyonz0pgiyi57on9gp,West Hall,3.00,ALIVE,TRUE,FALSE,0:06:54,0:00:06,,,
2/22/2026 20:42:27,mlyonz0pgiyi57on9gp,Kitchen,3.00,ALIVE,TRUE,FALSE,0:07:00,0:00:06,,,
2/22/2026 20:42:34,mlyonz0pgiyi57on9gp,Boiler Room,3.00,ALIVE,TRUE,FALSE,0:07:06,0:00:02,,,
2/22/2026 20:42:35,mlyonz0pgiyi57on9gp,Exit Door,3.00,ALIVE,TRUE,FALSE,0:07:07,0:00:02,,,
2/22/2026 20:42:38,mlyonz0pgiyi57on9gp,Boiler Room,3.00,ALIVE,TRUE,FALSE,0:07:10,0:00:02,,,
2/22/2026 20:42:40,mlyonz0pgiyi57on9gp,Boiler Space,3.00,ALIVE,TRUE,FALSE,0:07:12,0:00:04,,,
2/22/2026 20:42:44,mlyonz0pgiyi57on9gp,Endless Path,3.00,ALIVE,TRUE,FALSE,0:07:16,0:00:01,,,
2/22/2026 20:42:45,mlyonz0pgiyi57on9gp,West Hall,3.00,ALIVE,TRUE,FALSE,0:07:18,0:00:02,,,
2/22/2026 20:42:48,mlyonz0pgiyi57on9gp,Endless Path,3.00,ALIVE,TRUE,FALSE,0:07:20,0:00:03,,,
2/22/2026 20:42:51,mlyonz0pgiyi57on9gp,Endless Path,3.00,ALIVE,TRUE,FALSE,0:07:23,0:00:04,,,
2/22/2026 20:42:55,mlyonz0pgiyi57on9gp,Endless Path,3.00,ALIVE,TRUE,FALSE,0:07:27,0:00:05,,,
2/22/2026 20:42:59,mlyonz0pgiyi57on9gp,Endless Path,3.00,ALIVE,TRUE,FALSE,0:07:32,0:00:05,,,
2/22/2026 20:43:05,mlyonz0pgiyi57on9gp,Endless Path,3.00,ALIVE,TRUE,FALSE,0:07:37,0:00:02,,,
2/22/2026 20:43:07,mlyonz0pgiyi57on9gp,Endless Path,3.00,ALIVE,TRUE,FALSE,0:07:39,0:00:02,,,
2/22/2026 20:43:09,mlyonz0pgiyi57on9gp,Endless Path,3.00,ALIVE,TRUE,FALSE,0:07:41,0:00:03,,,
2/22/2026 20:43:12,mlyonz0pgiyi57on9gp,Endless Path,3.00,ALIVE,TRUE,FALSE,0:07:44,0:00:03,,,
2/22/2026 20:43:15,mlyonz0pgiyi57on9gp,Endless Path,3.00,ALIVE,TRUE,FALSE,0:07:47,0:00:03,,,
2/22/2026 20:43:18,mlyonz0pgiyi57on9gp,Endless Path,3.00,ALIVE,TRUE,FALSE,0:07:50,0:00:05,,,
2/22/2026 20:43:22,mlyonz0pgiyi57on9gp,Endless Path,3.00,ALIVE,TRUE,FALSE,0:07:55,0:00:03,,,
2/22/2026 20:43:26,mlyonz0pgiyi57on9gp,Endless Path,3.00,ALIVE,TRUE,FALSE,0:07:58,0:00:02,,,
2/22/2026 20:43:27,mlyonz0pgiyi57on9gp,Endless Path,3.00,ALIVE,TRUE,FALSE,0:08:00,0:00:05,,,
2/22/2026 20:43:32,mlyonz0pgiyi57on9gp,Endless Path,3.00,ALIVE,TRUE,FALSE,0:08:04,0:00:07,,,
2/22/2026 20:43:40,mlyonz0pgiyi57on9gp,Endless Path,3.00,ALIVE,TRUE,FALSE,0:08:12,-1105820:43:40,,,
2/24/2026 12:32:13,mm12acf85hs92wpaniq,Story Init Passage,5.00,ALIVE,FALSE,FALSE,0:00:00,0:00:14,,,
2/24/2026 12:32:28,mm12acf85hs92wpaniq,Intro Passage,5.00,ALIVE,FALSE,FALSE,0:00:14,0:00:10,,,
2/24/2026 12:32:37,mm12acf85hs92wpaniq,Perimeter,5.00,ALIVE,FALSE,FALSE,0:00:24,0:00:05,,,
2/24/2026 12:32:42,mm12acf85hs92wpaniq,Rabid Dog Attack,5.00,ALIVE,FALSE,FALSE,0:00:29,0:00:06,,,
2/24/2026 12:32:48,mm12acf85hs92wpaniq,Main Hall,5.00,ALIVE,FALSE,FALSE,0:00:35,0:00:06,,,
2/24/2026 12:32:54,mm12acf85hs92wpaniq,East Hall,5.00,ALIVE,FALSE,FALSE,0:00:41,0:00:08,,,
2/24/2026 12:33:03,mm12acf85hs92wpaniq,Office,5.00,ALIVE,FALSE,FALSE,0:00:49,0:00:02,,,
2/24/2026 12:33:05,mm12acf85hs92wpaniq,Office desk,5.00,ALIVE,FALSE,FALSE,0:00:52,0:00:04,,,
2/24/2026 12:33:09,mm12acf85hs92wpaniq,Office,5.00,ALIVE,FALSE,FALSE,0:00:55,0:00:05,,,
2/24/2026 12:33:13,mm12acf85hs92wpaniq,Bookshelf,5.00,ALIVE,FALSE,FALSE,0:01:00,0:00:06,,,
2/24/2026 12:33:19,mm12acf85hs92wpaniq,Office,5.00,ALIVE,FALSE,FALSE,0:01:06,0:00:05,,,
2/24/2026 12:33:25,mm12acf85hs92wpaniq,Fireplace,3.00,ALIVE,FALSE,FALSE,0:01:11,0:00:03,,,
2/24/2026 12:33:28,mm12acf85hs92wpaniq,Office,3.00,ALIVE,FALSE,FALSE,0:01:14,0:00:09,,,
2/24/2026 12:33:37,mm12acf85hs92wpaniq,Office desk,3.00,ALIVE,FALSE,FALSE,0:01:23,0:00:03,,,
2/24/2026 12:33:40,mm12acf85hs92wpaniq,Office,3.00,ALIVE,FALSE,FALSE,0:01:27,0:00:04,,,
2/24/2026 12:33:44,mm12acf85hs92wpaniq,East Hall,3.00,ALIVE,FALSE,FALSE,0:01:31,0:00:04,,,
2/24/2026 12:33:48,mm12acf85hs92wpaniq,Storage Room,3.00,ALIVE,FALSE,FALSE,0:01:34,0:00:03,,,
2/24/2026 12:33:50,mm12acf85hs92wpaniq,Cabinet,3.00,ALIVE,FALSE,FALSE,0:01:37,0:00:06,,,
2/24/2026 12:33:56,mm12acf85hs92wpaniq,Storage Room,3.00,ALIVE,FALSE,FALSE,0:01:43,0:00:11,,,
2/24/2026 12:34:08,mm12acf85hs92wpaniq,Papers,3.00,ALIVE,FALSE,FALSE,0:01:54,0:00:05,,,
2/24/2026 12:34:13,mm12acf85hs92wpaniq,Storage Room,3.00,ALIVE,FALSE,FALSE,0:02:00,0:00:08,,,
2/24/2026 12:34:21,mm12acf85hs92wpaniq,Main Hall,3.00,ALIVE,FALSE,FALSE,0:02:07,0:00:01,,,
2/24/2026 12:34:21,mm12acf85hs92wpaniq,East Hall,3.00,ALIVE,FALSE,FALSE,0:02:08,0:00:02,,,
2/24/2026 12:34:24,mm12acf85hs92wpaniq,Upstairs Hall,3.00,ALIVE,FALSE,FALSE,0:02:10,0:00:18,,,
2/24/2026 12:34:41,mm12acf85hs92wpaniq,Parent Bedroom,3.00,ALIVE,FALSE,FALSE,0:02:28,0:00:05,,,
2/24/2026 12:34:46,mm12acf85hs92wpaniq,Drawer,3.00,ALIVE,FALSE,FALSE,0:02:33,0:00:03,,,
2/24/2026 12:34:49,mm12acf85hs92wpaniq,Upstairs Hall,3.00,ALIVE,FALSE,FALSE,0:02:36,0:00:05,,,
2/24/2026 12:34:54,mm12acf85hs92wpaniq,Teen Bedroom,3.00,ALIVE,FALSE,FALSE,0:02:41,0:00:03,,,
2/24/2026 12:34:57,mm12acf85hs92wpaniq,Bed,3.00,ALIVE,TRUE,FALSE,0:02:44,0:00:02,,,
2/24/2026 12:34:59,mm12acf85hs92wpaniq,Teen Bedroom,3.00,ALIVE,TRUE,FALSE,0:02:46,0:00:07,,,
2/24/2026 12:35:06,mm12acf85hs92wpaniq,Teen Desk,3.00,ALIVE,TRUE,FALSE,0:02:53,0:00:04,,,
2/24/2026 12:35:10,mm12acf85hs92wpaniq,Teen Bedroom,3.00,ALIVE,TRUE,FALSE,0:02:57,0:00:03,,,
2/24/2026 12:35:13,mm12acf85hs92wpaniq,Upstairs Hall,3.00,ALIVE,TRUE,FALSE,0:02:59,0:00:09,,,
2/24/2026 12:35:21,mm12acf85hs92wpaniq,Bathroom,3.00,ALIVE,TRUE,FALSE,0:03:08,0:00:10,,,
2/24/2026 12:35:31,mm12acf85hs92wpaniq,Mirror,1.00,ALIVE,TRUE,FALSE,0:03:18,0:00:06,,,
2/24/2026 12:35:37,mm12acf85hs92wpaniq,Bathroom,1.00,ALIVE,TRUE,FALSE,0:03:24,0:00:04,,,
2/24/2026 12:35:42,mm12acf85hs92wpaniq,Shower,-1.00,DEAD,TRUE,FALSE,0:03:28,0:00:07,,,
2/24/2026 12:35:49,mm12acf85hs92wpaniq,Death,-1.00,DEAD,TRUE,FALSE,0:03:36,-1105860:35:49,,,
2/24/2026 12:36:07,mm12fdef0bkih0hx4vnp,Story Init Passage,5.00,ALIVE,FALSE,FALSE,0:00:00,0:00:13,,,
2/24/2026 12:36:20,mm12fdef0bkih0hx4vnp,Intro Passage,5.00,ALIVE,FALSE,FALSE,0:00:13,0:00:08,,,
2/24/2026 12:36:28,mm12fdef0bkih0hx4vnp,Perimeter,5.00,ALIVE,FALSE,FALSE,0:00:21,0:00:05,,,
2/24/2026 12:36:34,mm12fdef0bkih0hx4vnp,Rabid Dog Attack,5.00,ALIVE,FALSE,FALSE,0:00:26,0:00:16,,,
2/24/2026 12:36:49,mm12fdef0bkih0hx4vnp,Main Hall,5.00,ALIVE,FALSE,FALSE,0:00:42,0:00:05,,,
2/24/2026 12:36:54,mm12fdef0bkih0hx4vnp,Upstairs Hall,5.00,ALIVE,FALSE,FALSE,0:00:47,0:00:08,,,
2/24/2026 12:37:02,mm12fdef0bkih0hx4vnp,Parent Bedroom,5.00,ALIVE,FALSE,FALSE,0:00:55,0:00:05,,,
2/24/2026 12:37:08,mm12fdef0bkih0hx4vnp,Drawer,5.00,ALIVE,FALSE,FALSE,0:01:00,0:00:06,,,
2/24/2026 12:37:14,mm12fdef0bkih0hx4vnp,Upstairs Hall,5.00,ALIVE,FALSE,FALSE,0:01:07,0:00:17,,,
2/24/2026 12:37:31,mm12fdef0bkih0hx4vnp,Teen Bedroom,5.00,ALIVE,FALSE,FALSE,0:01:24,0:00:11,,,
2/24/2026 12:37:42,mm12fdef0bkih0hx4vnp,Teen Bedroom,5.00,ALIVE,FALSE,FALSE,0:01:34,0:00:03,,,
2/24/2026 12:37:45,mm12fdef0bkih0hx4vnp,Bed,5.00,ALIVE,TRUE,FALSE,0:01:37,0:00:03,,,
2/24/2026 12:37:48,mm12fdef0bkih0hx4vnp,Teen Bedroom,5.00,ALIVE,TRUE,FALSE,0:01:40,0:00:00,,,
2/24/2026 12:37:48,mm12fdef0bkih0hx4vnp,Teen Desk,5.00,ALIVE,FALSE,FALSE,0:01:41,0:00:12,,,
2/24/2026 12:37:55,mm12exxd9oki4teiqxq,Story Init Passage,5.00,ALIVE,FALSE,FALSE,0:00:00,0:00:30,,,
2/24/2026 12:38:00,mm12fdef0bkih0hx4vnp,Upstairs Hall,5.00,ALIVE,TRUE,FALSE,0:01:53,0:00:44,,,
2/24/2026 12:38:25,mm12exxd9oki4teiqxq,Intro Passage,5.00,ALIVE,FALSE,FALSE,0:00:30,0:00:12,,,
2/24/2026 12:38:37,mm12exxd9oki4teiqxq,Perimeter,5.00,ALIVE,FALSE,FALSE,0:00:41,0:00:08,,,
2/24/2026 12:38:44,mm12fdef0bkih0hx4vnp,Bathroom,5.00,ALIVE,TRUE,FALSE,0:02:37,0:00:09,,,
2/24/2026 12:38:45,mm12exxd9oki4teiqxq,Rabid Dog Attack,5.00,ALIVE,FALSE,FALSE,0:00:49,0:00:26,,,
2/24/2026 12:38:53,mm12fdef0bkih0hx4vnp,Mirror,3.00,ALIVE,TRUE,FALSE,0:02:46,0:00:06,,,
2/24/2026 12:38:59,mm12fdef0bkih0hx4vnp,Bathroom,3.00,ALIVE,TRUE,FALSE,0:02:52,0:00:08,,,
2/24/2026 12:39:07,mm12fdef0bkih0hx4vnp,Bathroom,1.00,ALIVE,TRUE,FALSE,0:03:00,0:00:01,,,
2/24/2026 12:39:09,mm12fdef0bkih0hx4vnp,Shower,1.00,ALIVE,TRUE,FALSE,0:03:01,0:00:01,,,
2/24/2026 12:39:10,mm12fdef0bkih0hx4vnp,Upstairs Hall,1.00,ALIVE,TRUE,FALSE,0:03:03,0:00:04,,,
2/24/2026 12:39:10,mm12exxd9oki4teiqxq,Main Hall,5.00,ALIVE,FALSE,FALSE,0:01:15,0:00:38,,,
2/24/2026 12:39:14,mm12fdef0bkih0hx4vnp,Main Hall,1.00,ALIVE,TRUE,FALSE,0:03:07,0:00:03,,,
2/24/2026 12:39:17,mm12fdef0bkih0hx4vnp,East Hall,1.00,ALIVE,TRUE,FALSE,0:03:10,0:00:05,,,
2/24/2026 12:39:22,mm12fdef0bkih0hx4vnp,Office,1.00,ALIVE,TRUE,FALSE,0:03:15,0:00:20,,,
2/24/2026 12:39:43,mm12fdef0bkih0hx4vnp,Office desk,1.00,ALIVE,TRUE,FALSE,0:03:35,0:01:24,,,
2/24/2026 12:39:49,mm12exxd9oki4teiqxq,East Hall,5.00,ALIVE,FALSE,FALSE,0:01:53,0:00:13,,,
2/24/2026 12:40:02,mm12exxd9oki4teiqxq,Office,5.00,ALIVE,FALSE,FALSE,0:02:06,0:00:12,,,
2/24/2026 12:40:14,mm12exxd9oki4teiqxq,Fireplace,3.00,ALIVE,FALSE,FALSE,0:02:19,0:00:08,,,
2/24/2026 12:40:22,mm12exxd9oki4teiqxq,Office,3.00,ALIVE,FALSE,FALSE,0:02:26,0:00:48,,,
2/24/2026 12:41:07,mm12fdef0bkih0hx4vnp,Office,1.00,ALIVE,TRUE,FALSE,0:04:59,0:00:06,,,
2/24/2026 12:41:09,mm12exxd9oki4teiqxq,Bookshelf,3.00,ALIVE,FALSE,FALSE,0:03:14,0:00:34,,,
2/24/2026 12:41:12,mm12fdef0bkih0hx4vnp,Bookshelf,1.00,ALIVE,TRUE,FALSE,0:05:05,0:00:03,,,
2/24/2026 12:41:14,mm12lxxmrglvkftg7sj,Story Init Passage,5.00,ALIVE,FALSE,FALSE,0:00:00,0:00:17,,,
2/24/2026 12:41:16,mm12fdef0bkih0hx4vnp,Office,1.00,ALIVE,TRUE,FALSE,0:05:08,0:00:10,,,
2/24/2026 12:41:25,mm12fdef0bkih0hx4vnp,Office desk,1.00,ALIVE,TRUE,FALSE,0:05:18,0:00:21,,,
2/24/2026 12:41:31,mm12lxxmrglvkftg7sj,Intro Passage,5.00,ALIVE,FALSE,FALSE,0:00:17,0:00:13,,,
2/24/2026 12:41:43,mm12exxd9oki4teiqxq,Office,3.00,ALIVE,FALSE,FALSE,0:03:47,0:00:29,,,
2/24/2026 12:41:44,mm12lxxmrglvkftg7sj,Perimeter,5.00,ALIVE,FALSE,FALSE,0:00:30,0:00:57,,,
2/24/2026 12:41:47,mm12fdef0bkih0hx4vnp,Office,1.00,ALIVE,TRUE,FALSE,0:05:39,-1105860:41:47,,,
2/24/2026 12:42:12,mm12exxd9oki4teiqxq,Office desk,3.00,ALIVE,FALSE,FALSE,0:04:17,0:00:00,,,
2/24/2026 12:42:13,mm12exxd9oki4teiqxq,Office,3.00,ALIVE,FALSE,FALSE,0:04:17,0:00:01,,,
2/24/2026 12:42:14,mm12exxd9oki4teiqxq,East Hall,3.00,ALIVE,FALSE,FALSE,0:04:19,0:00:26,,,
2/24/2026 12:42:40,mm12exxd9oki4teiqxq,Storage Room,3.00,ALIVE,FALSE,FALSE,0:04:44,0:00:04,,,
2/24/2026 12:42:41,mm12lxxmrglvkftg7sj,Main Hall,5.00,ALIVE,FALSE,FALSE,0:01:27,0:00:08,,,
2/24/2026 12:42:44,mm12exxd9oki4teiqxq,Cabinet,3.00,ALIVE,FALSE,FALSE,0:04:48,0:00:05,,,
2/24/2026 12:42:49,mm12exxd9oki4teiqxq,Storage Room,3.00,ALIVE,FALSE,FALSE,0:04:53,0:00:25,,,
2/24/2026 12:42:49,mm12lxxmrglvkftg7sj,Upstairs Hall,5.00,ALIVE,FALSE,FALSE,0:01:36,0:00:38,,,
2/24/2026 12:43:14,mm12exxd9oki4teiqxq,Papers,3.00,ALIVE,FALSE,FALSE,0:05:19,0:00:06,,,
2/24/2026 12:43:21,mm12exxd9oki4teiqxq,Storage Room,3.00,ALIVE,FALSE,FALSE,0:05:25,0:00:03,,,
2/24/2026 12:43:23,mm12exxd9oki4teiqxq,East Hall,3.00,ALIVE,FALSE,FALSE,0:05:28,0:00:05,,,
2/24/2026 12:43:27,mm12lxxmrglvkftg7sj,Bathroom,5.00,ALIVE,FALSE,FALSE,0:02:14,0:00:02,,,
2/24/2026 12:43:28,mm12exxd9oki4teiqxq,Main Hall,3.00,ALIVE,FALSE,FALSE,0:05:33,0:00:04,,,
2/24/2026 12:43:29,mm12lxxmrglvkftg7sj,Shower,3.00,ALIVE,FALSE,FALSE,0:02:16,0:00:07,,,
2/24/2026 12:43:33,mm12exxd9oki4teiqxq,East Hall,3.00,ALIVE,FALSE,FALSE,0:05:37,0:00:03,,,
2/24/2026 12:43:35,mm12exxd9oki4teiqxq,Main Hall,3.00,ALIVE,FALSE,FALSE,0:05:40,0:00:05,,,
2/24/2026 12:43:36,mm12lxxmrglvkftg7sj,Bathroom,3.00,ALIVE,FALSE,FALSE,0:02:22,0:00:15,,,
2/24/2026 12:43:40,mm12exxd9oki4teiqxq,Upstairs Hall,3.00,ALIVE,FALSE,FALSE,0:05:45,0:00:04,,,
2/24/2026 12:43:44,mm12exxd9oki4teiqxq,Main Hall,3.00,ALIVE,FALSE,FALSE,0:05:49,0:00:10,,,
2/24/2026 12:43:50,mm12lxxmrglvkftg7sj,Mirror,1.00,ALIVE,FALSE,FALSE,0:02:37,0:00:07,,,
2/24/2026 12:43:54,mm12exxd9oki4teiqxq,Upstairs Hall,3.00,ALIVE,FALSE,FALSE,0:05:59,0:00:13,,,
2/24/2026 12:43:57,mm12lxxmrglvkftg7sj,Bathroom,1.00,ALIVE,FALSE,FALSE,0:02:43,0:00:12,,,
2/24/2026 12:44:07,mm12exxd9oki4teiqxq,Parent Bedroom,3.00,ALIVE,FALSE,FALSE,0:06:11,0:00:10,,,
2/24/2026 12:44:08,mm12lxxmrglvkftg7sj,Mirror,-1.00,DEAD,FALSE,FALSE,0:02:55,-1105860:44:08,,,
2/24/2026 12:44:17,mm12exxd9oki4teiqxq,Drawer,3.00,ALIVE,FALSE,FALSE,0:06:22,0:00:01,,,
2/24/2026 12:44:18,mm12exxd9oki4teiqxq,Upstairs Hall,3.00,ALIVE,FALSE,FALSE,0:06:23,0:00:09,,,
2/24/2026 12:44:27,mm12exxd9oki4teiqxq,Teen Bedroom,3.00,ALIVE,FALSE,FALSE,0:06:32,0:00:10,,,
2/24/2026 12:44:37,mm12exxd9oki4teiqxq,Bed,3.00,ALIVE,TRUE,FALSE,0:06:41,0:00:04,,,
2/24/2026 12:44:41,mm12exxd9oki4teiqxq,Teen Bedroom,3.00,ALIVE,TRUE,FALSE,0:06:45,0:00:09,,,
2/24/2026 12:44:44,mm12qf2uvf4yynge57,Story Init Passage,5.00,ALIVE,FALSE,FALSE,0:00:00,-1105860:44:44,,,
2/24/2026 12:44:45,mm12qfhj06yvho4s6v7,Story Init Passage,5.00,ALIVE,FALSE,FALSE,0:00:00,-1105860:44:45,,,
2/24/2026 12:44:50,mm12exxd9oki4teiqxq,Teen Desk,3.00,ALIVE,TRUE,FALSE,0:06:55,0:00:03,,,
2/24/2026 12:44:53,mm12exxd9oki4teiqxq,Teen Bedroom,3.00,ALIVE,TRUE,FALSE,0:06:57,0:00:03,,,
2/24/2026 12:44:55,mm12qowvuf3gksnd9kr,Story Init Passage,5.00,ALIVE,FALSE,FALSE,0:00:00,0:00:31,,,
2/24/2026 12:44:56,mm12exxd9oki4teiqxq,Upstairs Hall,3.00,ALIVE,TRUE,FALSE,0:07:01,0:00:18,,,
2/24/2026 12:45:14,mm12exxd9oki4teiqxq,Bathroom,3.00,ALIVE,TRUE,FALSE,0:07:19,0:00:13,,,
2/24/2026 12:45:27,mm12qowvuf3gksnd9kr,Intro Passage,5.00,ALIVE,FALSE,FALSE,0:00:31,0:00:11,,,
2/24/2026 12:45:27,mm12exxd9oki4teiqxq,Mirror,1.00,ALIVE,TRUE,FALSE,0:07:32,0:00:06,,,
2/24/2026 12:45:33,mm12exxd9oki4teiqxq,Bathroom,1.00,ALIVE,TRUE,FALSE,0:07:38,0:00:12,,,
2/24/2026 12:45:37,mm12qowvuf3gksnd9kr,Perimeter,5.00,ALIVE,FALSE,FALSE,0:00:42,0:00:07,,,
2/24/2026 12:45:44,mm12qowvuf3gksnd9kr,Rabid Dog Attack,5.00,ALIVE,FALSE,FALSE,0:00:49,0:00:13,,,
2/24/2026 12:45:45,mm12exxd9oki4teiqxq,Shower,-1.00,DEAD,TRUE,FALSE,0:07:50,0:00:18,,,
2/24/2026 12:45:58,mm12qowvuf3gksnd9kr,Main Hall,5.00,ALIVE,FALSE,FALSE,0:01:02,0:00:01,,,
2/24/2026 12:45:58,mm12qowvuf3gksnd9kr,West Hall,5.00,ALIVE,FALSE,FALSE,0:01:03,0:00:04,,,
2/24/2026 12:46:03,mm12qowvuf3gksnd9kr,Main Hall,5.00,ALIVE,FALSE,FALSE,0:01:07,0:00:16,,,
2/24/2026 12:46:03,mm12exxd9oki4teiqxq,Death,-1.00,DEAD,TRUE,FALSE,0:08:08,0:00:09,,,
2/24/2026 12:46:12,mm12exxd9oki4teiqxq,Intro Passage,5.00,ALIVE,FALSE,FALSE,0:08:17,0:00:06,,,
2/24/2026 12:46:14,mm12sd1d56as4ewzssn,Story Init Passage,5.00,ALIVE,FALSE,FALSE,0:00:00,-1105860:46:14,,,
2/24/2026 12:46:18,mm12exxd9oki4teiqxq,Main Hall,5.00,ALIVE,FALSE,FALSE,0:08:22,-1105860:46:18,,,
2/24/2026 12:46:19,mm12qowvuf3gksnd9kr,West Hall,5.00,ALIVE,FALSE,FALSE,0:01:23,0:00:03,,,
2/24/2026 12:46:21,mm12sjhuy0xlga03rtj,Main Hall,5.00,ALIVE,FALSE,FALSE,0:00:00,0:00:05,,,
2/24/2026 12:46:22,mm12qowvuf3gksnd9kr,Main Hall,5.00,ALIVE,FALSE,FALSE,0:01:27,0:00:05,,,
2/24/2026 12:46:25,mm12sjhuy0xlga03rtj,West Hall,5.00,ALIVE,FALSE,FALSE,0:00:05,0:00:09,,,
2/24/2026 12:46:27,mm12qowvuf3gksnd9kr,East Hall,5.00,ALIVE,FALSE,FALSE,0:01:31,0:00:04,,,
2/24/2026 12:46:31,mm12qowvuf3gksnd9kr,Office,5.00,ALIVE,FALSE,FALSE,0:01:36,0:00:08,,,
2/24/2026 12:46:34,mm12sjhuy0xlga03rtj,Main Hall,5.00,ALIVE,FALSE,FALSE,0:00:14,0:00:03,,,
2/24/2026 12:46:37,mm12sjhuy0xlga03rtj,West Hall,5.00,ALIVE,FALSE,FALSE,0:00:16,0:00:03,,,
2/24/2026 12:46:39,mm12qowvuf3gksnd9kr,Office desk,5.00,ALIVE,FALSE,FALSE,0:01:44,0:00:03,,,
2/24/2026 12:46:40,mm12sjhuy0xlga03rtj,Main Hall,5.00,ALIVE,FALSE,FALSE,0:00:20,0:00:03,,,
2/24/2026 12:46:42,mm12qowvuf3gksnd9kr,Office,5.00,ALIVE,FALSE,FALSE,0:01:46,0:00:05,,,
2/24/2026 12:46:43,mm12sjhuy0xlga03rtj,East Hall,5.00,ALIVE,FALSE,FALSE,0:00:22,0:00:03,,,
2/24/2026 12:46:46,mm12sjhuy0xlga03rtj,Office,5.00,ALIVE,FALSE,FALSE,0:00:26,0:00:09,,,
2/24/2026 12:46:46,mm12qowvuf3gksnd9kr,Bookshelf,5.00,ALIVE,FALSE,FALSE,0:01:51,0:00:04,,,
2/24/2026 12:46:51,mm12qowvuf3gksnd9kr,Office,5.00,ALIVE,FALSE,FALSE,0:01:55,0:00:08,,,
2/24/2026 12:46:55,mm12sjhuy0xlga03rtj,Office desk,5.00,ALIVE,FALSE,FALSE,0:00:35,0:00:07,,,
2/24/2026 12:46:58,mm12qowvuf3gksnd9kr,Office desk,5.00,ALIVE,FALSE,FALSE,0:02:03,0:00:05,,,
2/24/2026 12:47:02,mm12sjhuy0xlga03rtj,Office,5.00,ALIVE,FALSE,FALSE,0:00:42,0:00:04,,,
2/24/2026 12:47:03,mm12qowvuf3gksnd9kr,Office,5.00,ALIVE,FALSE,FALSE,0:02:08,0:00:05,,,
2/24/2026 12:47:06,mm12sjhuy0xlga03rtj,Bookshelf,5.00,ALIVE,FALSE,FALSE,0:00:46,0:00:07,,,
2/24/2026 12:47:08,mm12qowvuf3gksnd9kr,Fireplace,3.00,ALIVE,FALSE,FALSE,0:02:12,0:00:10,,,
2/24/2026 12:47:13,mm12sjhuy0xlga03rtj,Office,5.00,ALIVE,FALSE,FALSE,0:00:53,0:00:04,,,
2/24/2026 12:47:17,mm12sjhuy0xlga03rtj,Fireplace,3.00,ALIVE,FALSE,FALSE,0:00:57,0:00:03,,,
2/24/2026 12:47:18,mm12qowvuf3gksnd9kr,Office,3.00,ALIVE,FALSE,FALSE,0:02:22,0:00:34,,,
2/24/2026 12:47:20,mm12sjhuy0xlga03rtj,Office,3.00,ALIVE,FALSE,FALSE,0:01:00,0:00:09,,,
2/24/2026 12:47:29,mm12sjhuy0xlga03rtj,East Hall,3.00,ALIVE,FALSE,FALSE,0:01:09,0:00:01,,,
2/24/2026 12:47:31,mm12sjhuy0xlga03rtj,Storage Room,3.00,ALIVE,FALSE,FALSE,0:01:10,0:00:04,,,
2/24/2026 12:47:35,mm12sjhuy0xlga03rtj,Cabinet,3.00,ALIVE,FALSE,FALSE,0:01:15,0:00:04,,,
2/24/2026 12:47:39,mm12sjhuy0xlga03rtj,Storage Room,3.00,ALIVE,FALSE,FALSE,0:01:19,0:00:03,,,
2/24/2026 12:47:42,mm12sjhuy0xlga03rtj,Papers,3.00,ALIVE,FALSE,FALSE,0:01:22,0:00:06,,,
2/24/2026 12:47:49,mm12sjhuy0xlga03rtj,East Hall,3.00,ALIVE,FALSE,FALSE,0:01:28,0:00:01,,,
2/24/2026 12:47:49,mm12sjhuy0xlga03rtj,Storage Room,3.00,ALIVE,FALSE,FALSE,0:01:29,0:00:02,,,
2/24/2026 12:47:52,mm12sjhuy0xlga03rtj,Main Hall,3.00,ALIVE,FALSE,FALSE,0:01:31,0:00:04,,,
2/24/2026 12:47:52,mm12qowvuf3gksnd9kr,East Hall,3.00,ALIVE,FALSE,FALSE,0:02:56,0:00:03,,,
2/24/2026 12:47:55,mm12qowvuf3gksnd9kr,Main Hall,3.00,ALIVE,FALSE,FALSE,0:03:00,0:00:02,,,
2/24/2026 12:47:56,mm12sjhuy0xlga03rtj,Upstairs Hall,3.00,ALIVE,FALSE,FALSE,0:01:35,0:00:06,,,
2/24/2026 12:47:57,mm12qowvuf3gksnd9kr,East Hall,3.00,ALIVE,FALSE,FALSE,0:03:02,0:00:05,,,
2/24/2026 12:48:01,mm12sjhuy0xlga03rtj,Parent Bedroom,3.00,ALIVE,FALSE,FALSE,0:01:41,0:00:04,,,
2/24/2026 12:48:02,mm12qowvuf3gksnd9kr,Storage Room,3.00,ALIVE,FALSE,FALSE,0:03:07,0:00:03,,,
2/24/2026 12:48:05,mm12qowvuf3gksnd9kr,Cabinet,3.00,ALIVE,FALSE,FALSE,0:03:10,0:00:07,,,
2/24/2026 12:48:06,mm12sjhuy0xlga03rtj,Drawer,3.00,ALIVE,FALSE,FALSE,0:01:45,0:00:02,,,
2/24/2026 12:48:08,mm12sjhuy0xlga03rtj,Upstairs Hall,3.00,ALIVE,FALSE,FALSE,0:01:47,0:00:05,,,
2/24/2026 12:48:12,mm12sjhuy0xlga03rtj,Teen Bedroom,3.00,ALIVE,FALSE,FALSE,0:01:52,0:00:05,,,
2/24/2026 12:48:13,mm12qowvuf3gksnd9kr,Storage Room,3.00,ALIVE,FALSE,FALSE,0:03:17,0:00:05,,,
2/24/2026 12:48:17,mm12sjhuy0xlga03rtj,Teen Desk,3.00,ALIVE,FALSE,FALSE,0:01:57,0:00:03,,,
2/24/2026 12:48:18,mm12qowvuf3gksnd9kr,Papers,3.00,ALIVE,FALSE,FALSE,0:03:23,0:00:06,,,
2/24/2026 12:48:20,mm12sjhuy0xlga03rtj,Teen Bedroom,3.00,ALIVE,FALSE,FALSE,0:01:59,0:00:03,,,
2/24/2026 12:48:22,mm12sjhuy0xlga03rtj,Bed,3.00,ALIVE,TRUE,FALSE,0:02:02,0:00:03,,,
2/24/2026 12:48:24,mm12qowvuf3gksnd9kr,Storage Room,3.00,ALIVE,FALSE,FALSE,0:03:29,0:00:03,,,
2/24/2026 12:48:25,mm12sjhuy0xlga03rtj,Teen Bedroom,3.00,ALIVE,TRUE,FALSE,0:02:05,0:00:02,,,
2/24/2026 12:48:27,mm12qowvuf3gksnd9kr,East Hall,3.00,ALIVE,FALSE,FALSE,0:03:31,0:00:03,,,
2/24/2026 12:48:27,mm12sjhuy0xlga03rtj,Upstairs Hall,3.00,ALIVE,TRUE,FALSE,0:02:07,0:00:05,,,
2/24/2026 12:48:30,mm12qowvuf3gksnd9kr,Main Hall,3.00,ALIVE,FALSE,FALSE,0:03:34,0:00:04,,,
2/24/2026 12:48:32,mm12sjhuy0xlga03rtj,Bathroom,3.00,ALIVE,TRUE,FALSE,0:02:11,0:00:03,,,
2/24/2026 12:48:34,mm12qowvuf3gksnd9kr,Upstairs Hall,3.00,ALIVE,FALSE,FALSE,0:03:39,0:00:07,,,
2/24/2026 12:48:35,mm12sjhuy0xlga03rtj,Upstairs Hall,3.00,ALIVE,TRUE,FALSE,0:02:14,0:00:03,,,
2/24/2026 12:48:38,mm12sjhuy0xlga03rtj,Main Hall,3.00,ALIVE,TRUE,FALSE,0:02:18,0:00:03,,,
2/24/2026 12:48:41,mm12qowvuf3gksnd9kr,Parent Bedroom,3.00,ALIVE,FALSE,FALSE,0:03:45,0:00:07,,,
2/24/2026 12:48:41,mm12sjhuy0xlga03rtj,West Hall,3.00,ALIVE,TRUE,FALSE,0:02:21,0:00:07,,,
2/24/2026 12:48:47,mm12qowvuf3gksnd9kr,Drawer,3.00,ALIVE,FALSE,FALSE,0:03:52,0:00:04,,,
2/24/2026 12:48:48,mm12sjhuy0xlga03rtj,West Hall,3.00,ALIVE,TRUE,FALSE,0:02:27,0:00:06,,,
2/24/2026 12:48:52,mm12qowvuf3gksnd9kr,Upstairs Hall,3.00,ALIVE,FALSE,FALSE,0:03:56,0:00:08,,,
2/24/2026 12:48:54,mm12sjhuy0xlga03rtj,Kitchen,3.00,ALIVE,TRUE,FALSE,0:02:34,0:00:04,,,
2/24/2026 12:48:58,mm12sjhuy0xlga03rtj,West Hall,3.00,ALIVE,TRUE,FALSE,0:02:37,0:00:03,,,
2/24/2026 12:48:59,mm12qowvuf3gksnd9kr,Bed,3.00,ALIVE,TRUE,FALSE,0:04:04,0:00:02,,,
2/24/2026 12:49:01,mm12sjhuy0xlga03rtj,Boiler Room,3.00,ALIVE,TRUE,FALSE,0:02:41,0:00:06,,,
2/24/2026 12:49:02,mm12qowvuf3gksnd9kr,Teen Bedroom,3.00,ALIVE,TRUE,FALSE,0:04:06,0:00:02,,,
2/24/2026 12:49:03,mm12qowvuf3gksnd9kr,Teen Bedroom,3.00,ALIVE,FALSE,FALSE,0:04:08,0:00:06,,,
2/24/2026 12:49:07,mm12sjhuy0xlga03rtj,Exit Door,3.00,ALIVE,TRUE,FALSE,0:02:46,0:00:03,,,
2/24/2026 12:49:09,mm12qowvuf3gksnd9kr,Teen Desk,3.00,ALIVE,TRUE,FALSE,0:04:14,0:00:03,,,
2/24/2026 12:49:10,mm12sjhuy0xlga03rtj,Boiler Room,3.00,ALIVE,TRUE,FALSE,0:02:50,0:00:06,,,
2/24/2026 12:49:12,mm12qowvuf3gksnd9kr,Teen Bedroom,3.00,ALIVE,TRUE,FALSE,0:04:16,0:00:02,,,
2/24/2026 12:49:14,mm12qowvuf3gksnd9kr,Upstairs Hall,3.00,ALIVE,TRUE,FALSE,0:04:18,0:00:06,,,
2/24/2026 12:49:16,mm12sjhuy0xlga03rtj,Boiler Space,3.00,ALIVE,TRUE,FALSE,0:02:55,0:00:05,,,
2/24/2026 12:49:20,mm12qowvuf3gksnd9kr,Bathroom,3.00,ALIVE,TRUE,FALSE,0:04:24,0:00:11,,,
2/24/2026 12:49:21,mm12sjhuy0xlga03rtj,Endless Path,3.00,ALIVE,TRUE,FALSE,0:03:00,0:00:06,,,
2/24/2026 12:49:27,mm12sjhuy0xlga03rtj,Endless Path,3.00,ALIVE,TRUE,FALSE,0:03:06,0:00:03,,,
2/24/2026 12:49:30,mm12sjhuy0xlga03rtj,Endless Path,3.00,ALIVE,TRUE,FALSE,0:03:10,0:00:06,,,
2/24/2026 12:49:31,mm12qowvuf3gksnd9kr,Mirror,1.00,ALIVE,TRUE,FALSE,0:04:35,0:00:05,,,
2/24/2026 12:49:36,mm12qowvuf3gksnd9kr,Bathroom,1.00,ALIVE,TRUE,FALSE,0:04:40,0:00:04,,,
2/24/2026 12:49:36,mm12sjhuy0xlga03rtj,Endless Path,3.00,ALIVE,TRUE,FALSE,0:03:16,0:00:02,,,
2/24/2026 12:49:38,mm12sjhuy0xlga03rtj,Endless Path,3.00,ALIVE,TRUE,FALSE,0:03:18,0:00:03,,,
2/24/2026 12:49:40,mm12qowvuf3gksnd9kr,Shower,-1.00,DEAD,TRUE,FALSE,0:04:45,0:00:07,,,
2/24/2026 12:49:42,mm12sjhuy0xlga03rtj,Endless Path,3.00,ALIVE,TRUE,FALSE,0:03:21,0:00:03,,,
2/24/2026 12:49:45,mm12sjhuy0xlga03rtj,Endless Path,3.00,ALIVE,TRUE,FALSE,0:03:25,0:00:05,,,
2/24/2026 12:49:47,mm12qowvuf3gksnd9kr,Death,-1.00,DEAD,TRUE,FALSE,0:04:52,-1105860:49:47,,,
2/24/2026 12:49:50,mm12sjhuy0xlga03rtj,Endless Path,3.00,ALIVE,TRUE,FALSE,0:03:29,0:00:04,,,
2/24/2026 12:49:54,mm12sjhuy0xlga03rtj,Endless Path,3.00,ALIVE,TRUE,FALSE,0:03:33,0:00:04,,,
2/24/2026 12:49:58,mm12sjhuy0xlga03rtj,Endless Path,3.00,ALIVE,TRUE,FALSE,0:03:37,0:00:04,,,
2/24/2026 12:50:02,mm12sjhuy0xlga03rtj,Endless Path,3.00,ALIVE,TRUE,FALSE,0:03:42,0:00:05,,,
2/24/2026 12:50:07,mm12sjhuy0xlga03rtj,Endless Path,3.00,ALIVE,TRUE,FALSE,0:03:46,0:00:05,,,
2/24/2026 12:50:12,mm12sjhuy0xlga03rtj,Endless Path,3.00,ALIVE,TRUE,FALSE,0:03:51,0:00:04,,,
2/24/2026 12:50:15,mm12sjhuy0xlga03rtj,Endless Path,3.00,ALIVE,TRUE,FALSE,0:03:55,0:00:04,,,
2/24/2026 12:50:20,mm12sjhuy0xlga03rtj,Endless Path,3.00,ALIVE,TRUE,FALSE,0:03:59,0:00:04,,,
2/24/2026 12:50:24,mm12sjhuy0xlga03rtj,Endless Path,3.00,ALIVE,TRUE,FALSE,0:04:03,0:00:06,,,
2/24/2026 12:50:30,mm12sjhuy0xlga03rtj,Endless Path,3.00,ALIVE,TRUE,FALSE,0:04:09,0:00:03,,,
2/24/2026 12:50:32,mm12sjhuy0xlga03rtj,Endless Path,3.00,ALIVE,TRUE,FALSE,0:04:12,0:00:04,,,
2/24/2026 12:50:37,mm12sjhuy0xlga03rtj,Endless Path,3.00,ALIVE,TRUE,FALSE,0:04:16,0:00:04,,,
2/24/2026 12:50:41,mm12sjhuy0xlga03rtj,Endless Path,3.00,ALIVE,TRUE,FALSE,0:04:20,0:00:07,,,
2/24/2026 12:50:48,mm12sjhuy0xlga03rtj,Endless Path,3.00,ALIVE,TRUE,FALSE,0:04:27,0:00:05,,,
2/24/2026 12:50:53,mm12sjhuy0xlga03rtj,Endless Path,3.00,ALIVE,TRUE,FALSE,0:04:32,0:00:04,,,
2/24/2026 12:50:57,mm12sjhuy0xlga03rtj,Endless Path,3.00,ALIVE,TRUE,FALSE,0:04:36,0:00:13,,,
2/24/2026 12:51:10,mm12sjhuy0xlga03rtj,Endless Path,3.00,ALIVE,TRUE,FALSE,0:04:49,0:00:10,,,
2/24/2026 12:51:20,mm12sjhuy0xlga03rtj,Death,5.00,ALIVE,TRUE,TRUE,0:05:00,0:00:04,,,
2/24/2026 12:51:25,mm12sjhuy0xlga03rtj,Main Hall,5.00,ALIVE,TRUE,TRUE,0:05:04,0:00:04,,,
2/24/2026 12:51:29,mm12sjhuy0xlga03rtj,Upstairs Hall,5.00,ALIVE,TRUE,TRUE,0:05:08,0:00:04,,,
2/24/2026 12:51:32,mm12sjhuy0xlga03rtj,Main Hall,5.00,ALIVE,TRUE,TRUE,0:05:12,0:00:02,,,
2/24/2026 12:51:34,mm12sjhuy0xlga03rtj,West Hall,5.00,ALIVE,TRUE,TRUE,0:05:13,0:00:08,,,
2/24/2026 12:51:42,mm12sjhuy0xlga03rtj,ChaseRoom,5.00,ALIVE,TRUE,TRUE,0:05:22,0:00:05,,,
2/24/2026 12:51:48,mm12sjhuy0xlga03rtj,MashAttempt,5.00,ALIVE,TRUE,TRUE,0:05:27,0:00:07,,,
2/24/2026 12:51:54,mm12sjhuy0xlga03rtj,MashAttempt,5.00,ALIVE,TRUE,TRUE,0:05:34,0:00:10,,,
2/24/2026 12:52:05,mm12sjhuy0xlga03rtj,MashAttempt,5.00,ALIVE,TRUE,TRUE,0:05:44,0:00:06,,,
2/24/2026 12:52:10,mm12sjhuy0xlga03rtj,MashAttempt,5.00,ALIVE,TRUE,TRUE,0:05:50,0:00:03,,,
2/24/2026 12:52:14,mm12sjhuy0xlga03rtj,MashAttempt,5.00,ALIVE,TRUE,TRUE,0:05:53,0:00:06,,,
2/24/2026 12:52:20,mm12sjhuy0xlga03rtj,MashAttempt,5.00,ALIVE,TRUE,TRUE,0:05:59,0:00:05,,,
2/24/2026 12:52:25,mm12sjhuy0xlga03rtj,MashAttempt,5.00,ALIVE,TRUE,TRUE,0:06:04,0:00:01,,,
2/24/2026 12:52:26,mm12sjhuy0xlga03rtj,MashAttempt,5.00,ALIVE,TRUE,TRUE,0:06:06,0:00:01,,,
2/24/2026 12:52:28,mm12sjhuy0xlga03rtj,MashAttempt,5.00,ALIVE,TRUE,TRUE,0:06:07,0:00:00,,,
2/24/2026 12:52:28,mm12sjhuy0xlga03rtj,MashAttempt,5.00,ALIVE,TRUE,TRUE,0:06:07,0:00:01,,,
2/24/2026 12:52:29,mm12sjhuy0xlga03rtj,MashAttempt,5.00,ALIVE,TRUE,TRUE,0:06:08,0:00:01,,,
2/24/2026 12:52:30,mm12sjhuy0xlga03rtj,MashAttempt,5.00,ALIVE,TRUE,TRUE,0:06:09,0:00:01,,,
2/24/2026 12:52:30,mm12sjhuy0xlga03rtj,MashAttempt,5.00,ALIVE,TRUE,TRUE,0:06:10,0:00:02,,,
2/24/2026 12:52:32,mm12sjhuy0xlga03rtj,MashAttempt,5.00,ALIVE,TRUE,TRUE,0:06:11,0:00:00,,,
2/24/2026 12:52:32,mm12sjhuy0xlga03rtj,MashAttempt,5.00,ALIVE,TRUE,TRUE,0:06:12,0:00:00,,,
2/24/2026 12:52:32,mm12sjhuy0xlga03rtj,MashAttempt,5.00,ALIVE,TRUE,TRUE,0:06:12,0:00:01,,,
2/24/2026 12:52:33,mm12sjhuy0xlga03rtj,MashAttempt,5.00,ALIVE,TRUE,TRUE,0:06:12,0:00:04,,,
2/24/2026 12:52:37,mm12sjhuy0xlga03rtj,MashAttempt,5.00,ALIVE,TRUE,TRUE,0:06:16,0:00:03,,,
2/24/2026 12:52:40,mm12sjhuy0xlga03rtj,MashAttempt,5.00,DEAD,TRUE,TRUE,0:06:20,-1105860:52:40,,,
2/24/2026 13:18:32,mm13xuvkcmnu3i8pfim,Story Init Passage,5.00,ALIVE,FALSE,FALSE,0:00:00,0:00:27,,,
2/24/2026 13:18:59,mm13xuvkcmnu3i8pfim,Intro Passage,5.00,ALIVE,FALSE,FALSE,0:00:27,0:00:13,,,
2/24/2026 13:19:12,mm13xuvkcmnu3i8pfim,Perimeter,5.00,ALIVE,FALSE,FALSE,0:00:40,0:00:03,,,
2/24/2026 13:19:15,mm13xuvkcmnu3i8pfim,Rabid Dog Attack,5.00,ALIVE,FALSE,FALSE,0:00:43,0:00:06,,,
2/24/2026 13:19:21,mm13xuvkcmnu3i8pfim,Death,5.00,ALIVE,FALSE,FALSE,0:00:49,0:00:14,,,
2/24/2026 13:19:35,mm13xuvkcmnu3i8pfim,Intro Passage,5.00,ALIVE,FALSE,FALSE,0:01:03,0:01:49,,,
,,,,,,,,,,,
,,,,,,,,,,,
,,,,,,,,,,,
2/24/2026 13:21:24,mm13xuvkcmnu3i8pfim,Main Hall,5.00,ALIVE,FALSE,FALSE,0:02:52,0:00:10,,,
2/24/2026 13:21:34,mm13xuvkcmnu3i8pfim,East Hall,5.00,ALIVE,FALSE,FALSE,0:03:02,0:00:07,,,
2/24/2026 13:21:41,mm13xuvkcmnu3i8pfim,Office,5.00,ALIVE,FALSE,FALSE,0:03:09,0:00:18,,,
2/24/2026 13:21:59,mm13xuvkcmnu3i8pfim,Fireplace,3.00,ALIVE,FALSE,FALSE,0:03:27,0:00:01,,,
2/24/2026 13:21:59,mm13xuvkcmnu3i8pfim,Office,3.00,ALIVE,FALSE,FALSE,0:03:27,0:00:16,,,
2/24/2026 13:22:16,mm13xuvkcmnu3i8pfim,Bookshelf,3.00,ALIVE,FALSE,FALSE,0:03:43,0:00:05,,,
2/24/2026 13:22:21,mm13xuvkcmnu3i8pfim,Office,3.00,ALIVE,FALSE,FALSE,0:03:49,0:00:13,,,
2/24/2026 13:22:34,mm13xuvkcmnu3i8pfim,Office desk,3.00,ALIVE,FALSE,FALSE,0:04:02,0:00:04,,,
2/24/2026 13:22:38,mm13xuvkcmnu3i8pfim,Office,3.00,ALIVE,FALSE,FALSE,0:04:06,0:00:06,,,
2/24/2026 13:22:44,mm13xuvkcmnu3i8pfim,East Hall,3.00,ALIVE,FALSE,FALSE,0:04:12,0:02:33,,,
2/24/2026 13:25:17,mm13xuvkcmnu3i8pfim,Storage Room,3.00,ALIVE,FALSE,FALSE,0:06:45,0:01:56,,,
,,,,,,,,,,,FALSE
2/24/2026 13:27:13,mm13xuvkcmnu3i8pfim,Papers,3.00,ALIVE,FALSE,FALSE,0:08:41,0:00:08,,,
2/24/2026 13:27:21,mm13xuvkcmnu3i8pfim,Storage Room,3.00,ALIVE,FALSE,FALSE,0:08:49,0:00:05,,,
2/24/2026 13:27:26,mm13xuvkcmnu3i8pfim,Cabinet,3.00,ALIVE,FALSE,FALSE,0:08:54,0:00:05,,,
2/24/2026 13:27:31,mm13xuvkcmnu3i8pfim,Storage Room,3.00,ALIVE,FALSE,FALSE,0:08:59,0:00:13,,,
2/24/2026 13:27:44,mm13xuvkcmnu3i8pfim,East Hall,3.00,ALIVE,FALSE,FALSE,0:09:12,0:00:07,,,
2/24/2026 13:27:51,mm13xuvkcmnu3i8pfim,Main Hall,3.00,ALIVE,FALSE,FALSE,0:09:19,0:00:08,,,
2/24/2026 13:27:58,mm13xuvkcmnu3i8pfim,Upstairs Hall,3.00,ALIVE,FALSE,FALSE,0:09:26,0:00:05,,,
2/24/2026 13:28:03,mm13xuvkcmnu3i8pfim,Teen Bedroom,3.00,ALIVE,FALSE,FALSE,0:09:31,0:00:09,,,
2/24/2026 13:28:13,mm13xuvkcmnu3i8pfim,Teen Desk,3.00,ALIVE,FALSE,FALSE,0:09:41,0:00:02,,,
2/24/2026 13:28:15,mm13xuvkcmnu3i8pfim,Teen Bedroom,3.00,ALIVE,FALSE,FALSE,0:09:42,0:00:06,,,
2/24/2026 13:28:21,mm13xuvkcmnu3i8pfim,Bed,3.00,ALIVE,TRUE,FALSE,0:09:49,0:00:04,,,
2/24/2026 13:28:24,mm13xuvkcmnu3i8pfim,Teen Bedroom,3.00,ALIVE,TRUE,FALSE,0:09:52,0:00:01,,,
2/24/2026 13:28:26,mm13xuvkcmnu3i8pfim,Upstairs Hall,3.00,ALIVE,TRUE,FALSE,0:09:54,0:00:09,,,
2/24/2026 13:28:34,mm13xuvkcmnu3i8pfim,Parent Bedroom,3.00,ALIVE,TRUE,FALSE,0:10:02,0:00:05,,,
2/24/2026 13:28:40,mm13xuvkcmnu3i8pfim,Drawer,3.00,ALIVE,TRUE,FALSE,0:10:08,0:00:03,,,
2/24/2026 13:28:42,mm13xuvkcmnu3i8pfim,Upstairs Hall,3.00,ALIVE,TRUE,FALSE,0:10:10,0:00:09,,,
2/24/2026 13:28:52,mm13xuvkcmnu3i8pfim,Bathroom,3.00,ALIVE,TRUE,FALSE,0:10:20,0:00:12,,,
2/24/2026 13:29:03,mm13xuvkcmnu3i8pfim,Mirror,1.00,ALIVE,TRUE,FALSE,0:10:31,0:00:05,,,
2/24/2026 13:29:08,mm13xuvkcmnu3i8pfim,Bathroom,1.00,ALIVE,TRUE,FALSE,0:10:36,0:00:05,,,
2/24/2026 13:29:14,mm13xuvkcmnu3i8pfim,Shower,-1.00,DEAD,TRUE,FALSE,0:10:42,0:00:17,,,
2/24/2026 13:29:31,mm13xuvkcmnu3i8pfim,Death,-1.00,DEAD,TRUE,FALSE,0:10:59,0:00:06,,,
2/24/2026 13:29:37,mm13xuvkcmnu3i8pfim,Intro Passage,5.00,ALIVE,FALSE,FALSE,0:11:05,0:00:01,,,
2/24/2026 13:29:38,mm13xuvkcmnu3i8pfim,Main Hall,5.00,ALIVE,FALSE,FALSE,0:11:06,0:00:09,,,
2/24/2026 13:29:47,mm13xuvkcmnu3i8pfim,Main Hall,5.00,ALIVE,FALSE,FALSE,0:11:15,0:00:03,,,
2/24/2026 13:29:50,mm13xuvkcmnu3i8pfim,West Hall,5.00,ALIVE,FALSE,FALSE,0:11:18,0:00:01,,,
2/24/2026 13:29:52,mm13xuvkcmnu3i8pfim,East Hall,5.00,ALIVE,FALSE,FALSE,0:11:20,0:00:05,,,
2/24/2026 13:29:57,mm13xuvkcmnu3i8pfim,Office,5.00,ALIVE,FALSE,FALSE,0:11:25,0:00:03,,,
2/24/2026 13:30:01,mm13xuvkcmnu3i8pfim,Bookshelf,5.00,ALIVE,FALSE,FALSE,0:11:29,0:00:05,,,
2/24/2026 13:30:05,mm13xuvkcmnu3i8pfim,Office,5.00,ALIVE,FALSE,FALSE,0:11:33,0:00:12,,,
2/24/2026 13:30:17,mm13xuvkcmnu3i8pfim,Office desk,5.00,ALIVE,FALSE,FALSE,0:11:45,0:00:05,,,
2/24/2026 13:30:22,mm13xuvkcmnu3i8pfim,Office,5.00,ALIVE,FALSE,FALSE,0:11:50,0:00:02,,,
2/24/2026 13:30:25,mm13xuvkcmnu3i8pfim,East Hall,5.00,ALIVE,FALSE,FALSE,0:11:53,0:00:09,,,
2/24/2026 13:30:33,mm13xuvkcmnu3i8pfim,Storage Room,5.00,ALIVE,FALSE,FALSE,0:12:01,0:00:02,,,
2/24/2026 13:30:36,mm13xuvkcmnu3i8pfim,East Hall,5.00,ALIVE,FALSE,FALSE,0:12:04,0:00:02,,,
2/24/2026 13:30:38,mm13xuvkcmnu3i8pfim,Main Hall,5.00,ALIVE,FALSE,FALSE,0:12:06,0:00:05,,,
2/24/2026 13:30:43,mm13xuvkcmnu3i8pfim,Upstairs Hall,5.00,ALIVE,FALSE,FALSE,0:12:11,0:00:34,,,
2/24/2026 13:31:16,mm13xuvkcmnu3i8pfim,Teen Bedroom,5.00,ALIVE,FALSE,FALSE,0:12:44,0:00:03,,,
2/24/2026 13:31:19,mm13xuvkcmnu3i8pfim,Bed,5.00,ALIVE,TRUE,FALSE,0:12:47,0:00:04,,,
2/24/2026 13:31:23,mm13xuvkcmnu3i8pfim,Teen Bedroom,5.00,ALIVE,TRUE,FALSE,0:12:51,0:00:07,,,
2/24/2026 13:31:30,mm13xuvkcmnu3i8pfim,Main Hall,5.00,ALIVE,TRUE,FALSE,0:12:58,0:00:05,,,
2/24/2026 13:31:35,mm13xuvkcmnu3i8pfim,West Hall,5.00,ALIVE,TRUE,FALSE,0:13:03,0:00:02,,,
2/24/2026 13:31:37,mm13xuvkcmnu3i8pfim,West Hall,5.00,ALIVE,TRUE,FALSE,0:13:05,0:00:00,,,
2/24/2026 13:31:37,mm13xuvkcmnu3i8pfim,Upstairs Hall,5.00,ALIVE,TRUE,FALSE,0:13:05,0:00:10,,,
2/24/2026 13:31:47,mm13xuvkcmnu3i8pfim,Boiler Room,5.00,ALIVE,TRUE,FALSE,0:13:15,0:00:05,,,
2/24/2026 13:31:52,mm13xuvkcmnu3i8pfim,Boiler Space,5.00,ALIVE,TRUE,FALSE,0:13:20,0:00:04,,,
2/24/2026 13:31:56,mm13xuvkcmnu3i8pfim,Endless Path,5.00,ALIVE,TRUE,FALSE,0:13:24,0:00:07,,,
2/24/2026 13:32:03,mm13xuvkcmnu3i8pfim,Endless Path,5.00,ALIVE,TRUE,FALSE,0:13:31,0:00:04,,,
2/24/2026 13:32:07,mm13xuvkcmnu3i8pfim,Endless Path,5.00,ALIVE,TRUE,FALSE,0:13:35,0:00:06,,,
2/24/2026 13:32:13,mm13xuvkcmnu3i8pfim,Endless Path,5.00,ALIVE,TRUE,FALSE,0:13:41,0:01:08,,,
2/24/2026 13:33:20,mm13xuvkcmnu3i8pfim,Endless Path,5.00,ALIVE,TRUE,FALSE,0:14:48,0:00:09,,,
2/24/2026 13:33:29,mm13xuvkcmnu3i8pfim,Death,5.00,ALIVE,TRUE,FALSE,0:14:57,-1105861:33:29,,,